Rank, IGN, Tier, LP, Win-Lose, Winrate, Most Played, KDA, Avg CS, KP, 
rank 1,hovinko z kose,challenger,1671 LP,106W 59L,WR 64%,Kai'Sa,2.88:1 KDA,CS 219.3 (8.8),
rank 2,Decay0,challenger,1625 LP,187W 138L,WR 58%,LeBlanc,4.89:1 KDA,CS 216.4 (8.5),
rank 3,KC NEXT ADKING,challenger,1566 LP,148W 110L,WR 57%,Kai'Sa,3.87:1 KDA,CS 221.3 (9),
rank 4,TheRoyalKanin,challenger,1510 LP,148W 110L,WR 57%,Cassiopeia,3.35:1 KDA,CS 211.1 (8.2),
rank 5,Thørs Snorresson,challenger,1416 LP,165W 121L,WR 58%,Viego,5.13:1 KDA,CS 163 (6.2),
rank 6,Pipibaat Yarr,challenger,1410 LP,131W 89L,WR 60%,Bel'Veth,3.62:1 KDA,CS 163.6 (6.9),
rank 7,SK Irrelevant,challenger,1398 LP,105W 75L,WR 58%,Aatrox,2.08:1 KDA,CS 176.2 (7),
rank 8,Peak Level,challenger,1390 LP,135W 91L,WR 60%,Rell,4.33:1 KDA,CS 28 (1.2),
rank 9,sanghyxxn,challenger,1354 LP,128W 97L,WR 57%,Rell,4.3:1 KDA,CS 30 (1.2),
rank 10,Groinze,challenger,1334 LP,148W 119L,WR 55%,Maokai,4.01:1 KDA,CS 125.4 (4.9),
rank 11,SK Relevant,challenger,1326 LP,157W 123L,WR 56%,Viego,4.22:1 KDA,CS 149.3 (6),
rank 12,G2ThreeEyeDraven,challenger,1279 LP,122W 93L,WR 57%,Kalista,4.45:1 KDA,CS 222.9 (8.8),
rank 13,SK Sertuss,challenger,1268 LP,137W 101L,WR 58%,Tristana,2.27:1 KDA,CS 214.2 (8.4),
rank 14,SPOLFCEI,challenger,1246 LP,145W 114L,WR 56%,Vayne,3.45:1 KDA,CS 213.2 (8.4),
rank 15,VIVE Serendrip,challenger,1236 LP,117W 80L,WR 59%,Pyke,2.58:1 KDA,CS 39.6 (1.5),
rank 16,Ice0713,challenger,1220 LP,157W 132L,WR 54%,Ezreal,4.08:1 KDA,CS 207.9 (8.5),
rank 17,Badlulu00,challenger,1218 LP,140W 104L,WR 57%,Jax,2.31:1 KDA,CS 184.4 (7.8),
rank 18,the voıces,challenger,1212 LP,139W 111L,WR 56%,Rell,2.8:1 KDA,CS 33 (1.3),
rank 19,Shëun,challenger,1203 LP,134W 86L,WR 61%,Viego,4.53:1 KDA,CS 164.2 (6.4),
rank 20,invicta23,challenger,1203 LP,142W 112L,WR 56%,Irelia,2.34:1 KDA,CS 212.5 (8.6),
rank 21,Σ MORØSE,challenger,1198 LP,127W 98L,WR 56%,Swain,3.04:1 KDA,CS 186.4 (7.3),
rank 22,G2 Jorah Mormont,challenger,1187 LP,86W 53L,WR 62%,Lissandra,2.32:1 KDA,CS 29.5 (1.1),
rank 23,zyb,challenger,1183 LP,63W 19L,WR 77%,Lillia,4.69:1 KDA,CS 208.8 (8.5),
rank 24,PatkicaA,challenger,1178 LP,106W 73L,WR 59%,Volibear,2.39:1 KDA,CS 160.5 (6.7),
rank 25,NoMoreAutopilot,challenger,1173 LP,102W 70L,WR 59%,Viego,3.11:1 KDA,CS 157.6 (6.2),
rank 26,HMpeiwan Air,challenger,1160 LP,164W 130L,WR 56%,Azir,2.88:1 KDA,CS 229.7 (8.9),
rank 27,DONATELL0,challenger,1129 LP,93W 62L,WR 60%,Xayah,2.87:1 KDA,CS 219.6 (8.4),
rank 28,CharIesLecIerc,challenger,1126 LP,164W 94L,WR 64%,Nidalee,4.41:1 KDA,CS 147.3 (6.1),
rank 29,fιght,challenger,1126 LP,162W 136L,WR 54%,Renekton,2.72:1 KDA,CS 208.1 (8),
rank 30,WP GG XD,challenger,1125 LP,113W 83L,WR 58%,Renekton,2.37:1 KDA,CS 218.9 (8.7),
rank 31,alvarooo,challenger,1120 LP,101W 75L,WR 57%,Rakan,4.29:1 KDA,CS 33.9 (1.3),
rank 32,school phobia,challenger,1116 LP,90W 64L,WR 58%,Alistar,3.42:1 KDA,CS 25.8 (1),
rank 33,Jojopyun fangirl,challenger,1114 LP,80W 47L,WR 63%,Fiddlesticks,4.77:1 KDA,CS 154.6 (6.4),
rank 34,knight9z,challenger,1102 LP,133W 101L,WR 57%,Jayce,2.57:1 KDA,CS 196.4 (7.8),
rank 35,CzekøChad,challenger,1097 LP,107W 75L,WR 59%,Ahri,3.04:1 KDA,CS 199.8 (7.8),
rank 36,Πανούλης,challenger,1079 LP,74W 48L,WR 61%,Rumble,2.65:1 KDA,CS 202.7 (7.5),
rank 37,METROOOOOOOOO,challenger,1074 LP,100W 72L,WR 58%,Nidalee,4.09:1 KDA,CS 142 (5.9),
rank 38,BABO MID,challenger,1070 LP,142W 118L,WR 55%,Tristana,2.69:1 KDA,CS 223.6 (8.7),
rank 39,SK Exakick,challenger,1063 LP,128W 99L,WR 56%,Kalista,2.77:1 KDA,CS 223.5 (8.8),
rank 40,Grind Arc,challenger,1060 LP,152W 124L,WR 55%,Kha'Zix,3.74:1 KDA,CS 169.5 (6.5),
rank 41,Owlonsky,challenger,1060 LP,105W 74L,WR 59%,Kai'Sa,2.68:1 KDA,CS 191.8 (7.7),
rank 42,soz,challenger,1055 LP,138W 115L,WR 55%,Rumble,2.85:1 KDA,CS 181.7 (7.2),
rank 43,avarice61,challenger,1054 LP,126W 99L,WR 56%,Aphelios,2.62:1 KDA,CS 220.4 (8.4),
rank 44,RVJCXIRSDI,challenger,1054 LP,106W 63L,WR 63%,Alistar,4.2:1 KDA,CS 25.6 (1),
rank 45,J11HUIV,challenger,1051 LP,231W 200L,WR 54%,Tristana,2.98:1 KDA,CS 219.6 (8.8),
rank 46,Kieran Tierney,challenger,1049 LP,76W 56L,WR 58%,Kalista,3.19:1 KDA,CS 200.2 (8.2),
rank 47,Crowno,challenger,1048 LP,107W 80L,WR 57%,K'Sante,1.85:1 KDA,CS 178.3 (6.9),
rank 48,BDS xMatty,challenger,1046 LP,136W 113L,WR 55%,Xayah,2.82:1 KDA,CS 214.9 (8.6),
rank 49,KOI Stend,challenger,1041 LP,110W 81L,WR 58%,Alistar,3.72:1 KDA,CS 31.3 (1.1),
rank 50,1V9 CRACKMACHlNE,challenger,1036 LP,172W 136L,WR 56%,Lillia,4.62:1 KDA,CS 200 (7.7),
rank 51,GO kamiIius,challenger,1036 LP,107W 80L,WR 57%,Rell,4.15:1 KDA,CS 28.2 (1.1),
rank 52,clearlove fanboi,challenger,1026 LP,131W 106L,WR 55%,Yone,2.68:1 KDA,CS 214.9 (8.7),
rank 53,V1WTZAPCIO,challenger,1024 LP,112W 65L,WR 63%,Aatrox,3.05:1 KDA,CS 188.9 (8.2),
rank 54,VELJA THE MENACE,challenger,1019 LP,91W 58L,WR 61%,Lee Sin,2.58:1 KDA,CS 173.4 (6.1),
rank 55,Findteam ADking9,challenger,1016 LP,225W 198L,WR 53%,Ashe,2.82:1 KDA,CS 133.8 (5.6),
rank 56,G2 Dracarys,challenger,1007 LP,103W 82L,WR 56%,Naafiri,1.79:1 KDA,CS 176.9 (7.4),
rank 57,twtchtv detdert,challenger,1003 LP,157W 122L,WR 56%,Kindred,2.95:1 KDA,CS 152.4 (6.3),
rank 58,Hey Law I Love Y,challenger,976 LP,113W 92L,WR 55%,Jax,2.36:1 KDA,CS 195.1 (7.7),
rank 59,lyncas bad kid,challenger,974 LP,104W 80L,WR 57%,Lee Sin,4.17:1 KDA,CS 139.2 (5.2),
rank 60,TakeSet sama,challenger,962 LP,114W 94L,WR 55%,Ezreal,3.81:1 KDA,CS 219.4 (8.7),
rank 61,MCK Six10,challenger,956 LP,67W 35L,WR 66%,K'Sante,2.74:1 KDA,CS 176.7 (7.6),
rank 62,Hido1,challenger,951 LP,90W 58L,WR 61%,Zeri,3.19:1 KDA,CS 220.7 (9),
rank 63,Envy Carry,challenger,951 LP,137W 114L,WR 55%,Jayce,3.32:1 KDA,CS 202.6 (7.8),
rank 64,frygo,challenger,942 LP,117W 102L,WR 53%,Jayce,2.26:1 KDA,CS 202.6 (8.2),
rank 65,Rayito,challenger,940 LP,76W 51L,WR 60%,Sivir,3.9:1 KDA,CS 241.1 (9.3),
rank 66,MafroMafroMafro,challenger,935 LP,127W 97L,WR 57%,Graves,2.75:1 KDA,CS 182 (7.1),
rank 67,Peng04,challenger,934 LP,118W 98L,WR 55%,Jayce,2.39:1 KDA,CS 205.6 (8.3),
rank 68,TTV KERBEROS LOL,challenger,934 LP,140W 112L,WR 56%,Olaf,1.73:1 KDA,CS 212.4 (8.3),
rank 69,jeongjihoonfan1,challenger,934 LP,163W 136L,WR 55%,Jayce,3.13:1 KDA,CS 196.9 (8.2),
rank 70,FOCUSEDPRACTICE,challenger,933 LP,190W 167L,WR 53%,Taliyah,3.05:1 KDA,CS 202.1 (7.8),
rank 71,Unméi,challenger,931 LP,94W 64L,WR 59%,Alistar,3.52:1 KDA,CS 28.1 (1.2),
rank 72,NICKI NICOLEE,challenger,931 LP,84W 57L,WR 60%,LeBlanc,4.4:1 KDA,CS 213 (8.7),
rank 73,V1T Upset,challenger,930 LP,95W 69L,WR 58%,Kai'Sa,3.55:1 KDA,CS 223.2 (9),
rank 74,Nillee,challenger,927 LP,210W 185L,WR 53%,Jax,2.29:1 KDA,CS 199.7 (7.8),
rank 75,Dimill 777,challenger,923 LP,116W 84L,WR 58%,Thresh,4.37:1 KDA,CS 33.7 (1.3),
rank 76,chksf,challenger,923 LP,190W 156L,WR 55%,Jax,1.53:1 KDA,CS 174.8 (6.9),
rank 77,4th June,challenger,923 LP,91W 61L,WR 60%,Rell,4.48:1 KDA,CS 30.5 (1.2),
rank 78,Benaset,challenger,921 LP,142W 116L,WR 55%,Braum,4.48:1 KDA,CS 34.4 (1.3),
rank 79,mid9999,challenger,918 LP,104W 76L,WR 58%,Sylas,2:1 KDA,CS 168.9 (7),
rank 80,Jordæn,challenger,917 LP,141W 107L,WR 57%,Pantheon,2.27:1 KDA,CS 155.2 (6.3),
rank 81,betrayal2,challenger,913 LP,216W 168L,WR 56%,Zed,2.47:1 KDA,CS 221.7 (8.4),
rank 82,TTV NattyNattLoL,challenger,912 LP,126W 114L,WR 53%,Rengar,2.58:1 KDA,CS 182.8 (7.5),
rank 83,PORTUGUESE GALA,challenger,911 LP,197W 177L,WR 53%,Xayah,2.64:1 KDA,CS 198.9 (8),
rank 84,MHSC FSZ,challenger,910 LP,127W 99L,WR 56%,Neeko,3.7:1 KDA,CS 180.4 (7.1),
rank 85,death ends,challenger,909 LP,182W 158L,WR 54%,Pyke,2.93:1 KDA,CS 60.5 (2.4),
rank 86,bodaZZZ,challenger,908 LP,196W 174L,WR 53%,Aatrox,1.94:1 KDA,CS 184.6 (7.3),
rank 87,Incandescence33,challenger,907 LP,111W 85L,WR 57%,Ahri,3.86:1 KDA,CS 200.6 (8.5),
rank 88,Yûichi Katagiri,challenger,904 LP,125W 101L,WR 55%,Lee Sin,4.31:1 KDA,CS 150 (6.4),
rank 89,Carrry,challenger,903 LP,116W 86L,WR 57%,Rell,3.97:1 KDA,CS 31.8 (1.3),
rank 90,c0cky movement,challenger,903 LP,125W 94L,WR 57%,Tristana,3.04:1 KDA,CS 227.3 (9.1),
rank 91,kronotrop lover,challenger,902 LP,167W 142L,WR 54%,Syndra,2.94:1 KDA,CS 203.4 (8.1),
rank 92,Kimchi AD,challenger,901 LP,94W 72L,WR 57%,Kai'Sa,2.89:1 KDA,CS 180.7 (8),
rank 93,15 02 2022,challenger,897 LP,123W 98L,WR 56%,Viktor,2.8:1 KDA,CS 201.3 (8.3),
rank 94,Ag0nyPa1n,challenger,894 LP,218W 198L,WR 52%,Viktor,2.49:1 KDA,CS 202.5 (8.1),
rank 95,twt kluckadell,challenger,894 LP,211W 187L,WR 53%,Senna,2.81:1 KDA,CS 23.6 (1),
rank 96,MARIABECERRA FAN,challenger,889 LP,101W 76L,WR 57%,Yone,2.14:1 KDA,CS 203.3 (8.4),
rank 97,G2 Dickon,challenger,888 LP,93W 71L,WR 57%,Taliyah,2.77:1 KDA,CS 174.5 (6.6),
rank 98,Odysseus131,challenger,887 LP,47W 22L,WR 68%,Taliyah,3.23:1 KDA,CS 202.1 (7.6),
rank 99,eltuko,challenger,884 LP,122W 101L,WR 55%,Taliyah,3.4:1 KDA,CS 189.6 (7),
rank 100,Terrør,challenger,883 LP,102W 77L,WR 57%,Renekton,1.51:1 KDA,CS 169.1 (6.8),
rank 101,slowqq,challenger,882 LP,107W 89L,WR 55%,LeBlanc,3.76:1 KDA,CS 230.9 (8.8),
rank 102,Kaori3,challenger,879 LP,104W 87L,WR 54%,Kai'Sa,3.22:1 KDA,CS 205.4 (8.3),
rank 103,PsYcraw,challenger,878 LP,94W 69L,WR 58%,Thresh,3.37:1 KDA,CS 31.6 (1.3),
rank 104,Αετινοθ,challenger,878 LP,92W 73L,WR 56%,Draven,2.3:1 KDA,CS 217.8 (8.2),
rank 105,TDS Matias,challenger,873 LP,67W 38L,WR 64%,Zeri,2.32:1 KDA,CS 235.6 (9),
rank 106,AFK JUNG,challenger,873 LP,57W 24L,WR 70%,Rek'Sai,4.18:1 KDA,CS 140.2 (5.9),
rank 107,29 August 2001,challenger,872 LP,178W 152L,WR 54%,Riven,2.46:1 KDA,CS 207.8 (8.2),
rank 108,Śrubek,challenger,870 LP,118W 96L,WR 55%,Rell,3.31:1 KDA,CS 30.5 (1.2),
rank 109,Μaster Mirror,challenger,865 LP,49W 20L,WR 71%,Syndra,3.19:1 KDA,CS 217.6 (8.5),
rank 110,AST 113,challenger,865 LP,133W 116L,WR 53%,Viego,3.19:1 KDA,CS 116.4 (4.7),
rank 111,DenSygeKamel69,challenger,864 LP,217W 189L,WR 53%,Udyr,2.81:1 KDA,CS 171.6 (7),
rank 112,La levantaré,challenger,863 LP,92W 70L,WR 57%,Rakan,3.33:1 KDA,CS 32.5 (1.2),
rank 113,pump the menace,challenger,861 LP,161W 137L,WR 54%,LeBlanc,3.24:1 KDA,CS 197 (7.7),
rank 114,Heybiblee,challenger,857 LP,125W 107L,WR 54%,Tristana,1.87:1 KDA,CS 225.8 (9.2),
rank 115,Spoodersussi,challenger,856 LP,94W 72L,WR 57%,Aatrox,2.42:1 KDA,CS 156.6 (6.5),
rank 116,WAO KING 1,challenger,856 LP,260W 216L,WR 55%,Olaf,2.28:1 KDA,CS 156.9 (6.3),
rank 117,play tank doggie,challenger,855 LP,130W 109L,WR 54%,Olaf,2.13:1 KDA,CS 204.3 (8.2),
rank 118,Iuger,challenger,854 LP,118W 96L,WR 55%,Kalista,3.67:1 KDA,CS 203.7 (8.3),
rank 119,JL Sayn,challenger,854 LP,197W 168L,WR 54%,Taliyah,3.14:1 KDA,CS 212 (8.1),
rank 120,Drututt,challenger,854 LP,142W 125L,WR 53%,Naafiri,2.28:1 KDA,CS 199.1 (7.6),
rank 121,JunSickUM,challenger,853 LP,92W 72L,WR 56%,Gragas,2.43:1 KDA,CS 137.4 (5.4),
rank 122,canyon fun acc,challenger,851 LP,118W 90L,WR 57%,Rek'Sai,3.35:1 KDA,CS 157.5 (6),
rank 123,Ceyalaniener,challenger,850 LP,120W 91L,WR 57%,Taliyah,3.84:1 KDA,CS 218 (8),
rank 124,S1NM1V4K,challenger,846 LP,101W 75L,WR 57%,Renekton,2.29:1 KDA,CS 190.2 (8.2),
rank 125,Walid Georgey,challenger,845 LP,85W 69L,WR 55%,Nautilus,2.3:1 KDA,CS 27.7 (1.2),
rank 126,mid 10,challenger,845 LP,101W 70L,WR 59%,Azir,3.12:1 KDA,CS 219.5 (8.3),
rank 127,MENA TOPKING1,challenger,841 LP,150W 112L,WR 57%,Pantheon,2.69:1 KDA,CS 181 (7.1),
rank 128,lIIIIIIlIIIIlIII,challenger,840 LP,150W 129L,WR 54%,Lee Sin,3.29:1 KDA,CS 143.1 (5.7),
rank 129,Thumbs Down,challenger,838 LP,72W 53L,WR 58%,Pyke,3.41:1 KDA,CS 35.1 (1.5),
rank 130,MagiFelix5,challenger,832 LP,267W 245L,WR 52%,Yasuo,2.44:1 KDA,CS 204 (7.7),
rank 131,μορφαριus,challenger,832 LP,124W 102L,WR 55%,Ivern,4.85:1 KDA,CS 122 (4.8),
rank 132,pizdzisko,challenger,830 LP,106W 82L,WR 56%,Lulu,2.85:1 KDA,CS 16.5 (0.6),
rank 133,Schiziński,challenger,829 LP,106W 73L,WR 59%,Kha'Zix,4.03:1 KDA,CS 178.9 (6.9),
rank 134,Notiko,challenger,829 LP,116W 98L,WR 54%,Ezreal,3.51:1 KDA,CS 208.1 (8.2),
rank 135,SuperCarryGaeth,challenger,825 LP,184W 159L,WR 54%,Aatrox,2.17:1 KDA,CS 194.2 (7.6),
rank 136,FUN k3y,challenger,825 LP,60W 38L,WR 61%,Ashe,4.02:1 KDA,CS 196.9 (7.6),
rank 137,HJP,challenger,821 LP,91W 60L,WR 60%,Zoe,3.26:1 KDA,CS 177.6 (6.8),
rank 138,GW Villager,challenger,820 LP,60W 38L,WR 61%,Taliyah,4.41:1 KDA,CS 196 (7.3),
rank 139,Cerecof1,challenger,820 LP,102W 79L,WR 56%,Nautilus,2.17:1 KDA,CS 27.7 (1),
rank 140,Rust Cohle1,challenger,818 LP,104W 86L,WR 55%,Rell,3.74:1 KDA,CS 28.5 (1.2),
rank 141,Nsurr1,challenger,817 LP,115W 95L,WR 55%,Rell,3.43:1 KDA,CS 33.7 (1.3),
rank 142,Mazs,challenger,817 LP,108W 88L,WR 55%,Tristana,2.98:1 KDA,CS 231.7 (9.1),
rank 143,Annie IRL,challenger,817 LP,168W 152L,WR 53%,Annie,2.28:1 KDA,CS 164.3 (6.7),
rank 144,Literally Neo,challenger,812 LP,71W 48L,WR 60%,Vayne,1.49:1 KDA,CS 191.9 (7.6),
rank 145,Killaki777,challenger,811 LP,57W 28L,WR 67%,Zeri,5.04:1 KDA,CS 196.9 (8.2),
rank 146,MEGAZORD XERSUS7,challenger,810 LP,140W 123L,WR 53%,Nautilus,2.51:1 KDA,CS 34.3 (1.3),
rank 147,BurgerMäker,challenger,809 LP,66W 38L,WR 63%,Jayce,2.88:1 KDA,CS 233.6 (8.8),
rank 148,l will engage,challenger,809 LP,180W 168L,WR 52%,Rakan,3.39:1 KDA,CS 33.3 (1.3),
rank 149,qcevwadsf,challenger,804 LP,52W 33L,WR 61%,Kai'Sa,3.09:1 KDA,CS 221.4 (8.4),
rank 150,blue the wizard,challenger,802 LP,124W 106L,WR 54%,Seraphine,3.12:1 KDA,CS 202.2 (7.8),
rank 151,ute nature guy,challenger,802 LP,82W 54L,WR 60%,Poppy,2.96:1 KDA,CS 163.3 (6.3),
rank 152,Server Menace,challenger,800 LP,73W 52L,WR 58%,Zeri,2.75:1 KDA,CS 234.6 (9.4),
rank 153,Qnoxs,challenger,800 LP,126W 100L,WR 56%,Sona,3.52:1 KDA,CS 14.1 (0.6),
rank 154,ThePowerOfEvil,challenger,797 LP,68W 45L,WR 60%,Jarvan IV,4.41:1 KDA,CS 167.7 (6.1),
rank 155,mustangGTD,challenger,797 LP,84W 50L,WR 63%,Fiora,2.16:1 KDA,CS 192.4 (7.3),
rank 156,zamuleczek,challenger,797 LP,130W 109L,WR 54%,Kai'Sa,4.06:1 KDA,CS 231.4 (8.7),
rank 157,abagnale1,challenger,796 LP,114W 90L,WR 56%,Nautilus,2.92:1 KDA,CS 31.2 (1.3),
rank 158,MrDon001,challenger,795 LP,125W 100L,WR 56%,Orianna,3.65:1 KDA,CS 183.1 (7.1),
rank 159,shido myers,challenger,794 LP,127W 104L,WR 55%,Lee Sin,2.96:1 KDA,CS 139 (5.4),
rank 160,ordno1,challenger,791 LP,75W 49L,WR 60%,Azir,2.02:1 KDA,CS 209.3 (8.4),
rank 161,Composites,challenger,790 LP,75W 52L,WR 59%,Yasuo,2.51:1 KDA,CS 182.7 (7.2),
rank 162,Axo Bad Boy,challenger,785 LP,84W 65L,WR 56%,Darius,2.75:1 KDA,CS 210.6 (8),
rank 163,ΑarchΦiend,challenger,785 LP,105W 74L,WR 59%,Aatrox,2.18:1 KDA,CS 172 (6.8),
rank 164,remy the rodent,challenger,785 LP,162W 139L,WR 54%,Taliyah,2.95:1 KDA,CS 196.4 (7.6),
rank 165,Razørk Activoo,challenger,781 LP,59W 45L,WR 57%,Taliyah,3:1 KDA,CS 183.6 (7.4),
rank 166,Hawkella,challenger,781 LP,229W 206L,WR 53%,Qiyana,2.2:1 KDA,CS 168.2 (6.6),
rank 167,Veecto,challenger,780 LP,121W 94L,WR 56%,Quinn,2.63:1 KDA,CS 186.4 (7.2),
rank 168,ÂDC2k17,challenger,777 LP,61W 40L,WR 60%,Akshan,4.16:1 KDA,CS 181 (6.9),
rank 169,Lovelorn,challenger,777 LP,162W 140L,WR 54%,Kayn,4:1 KDA,CS 175.7 (7),
rank 170,B Butcher,challenger,777 LP,66W 37L,WR 64%,Rell,3.99:1 KDA,CS 30.3 (1.2),
rank 171,Elijah Mikaelson,challenger,775 LP,127W 102L,WR 55%,Kai'Sa,2.65:1 KDA,CS 205 (8.3),
rank 172,TTV Daitolol,challenger,774 LP,75W 49L,WR 60%,Akali,2.74:1 KDA,CS 177.6 (6.9),
rank 173,TTV Potent213,challenger,773 LP,82W 62L,WR 57%,Fiora,1.58:1 KDA,CS 217.5 (8.3),
rank 174,pokovirtuoso,challenger,772 LP,97W 71L,WR 58%,Karma,2.7:1 KDA,CS 22 (0.9),
rank 175,Iziio,challenger,771 LP,78W 54L,WR 59%,Yone,2.44:1 KDA,CS 210.3 (8.6),
rank 176,sdfsdfgart,challenger,770 LP,223W 210L,WR 52%,Ashe,3.97:1 KDA,CS 204.6 (8.2),
rank 177,Myrtus,challenger,770 LP,91W 79L,WR 54%,Rakan,3.26:1 KDA,CS 33.1 (1.3),
rank 178,zzz222,challenger,768 LP,151W 132L,WR 53%,Akali,2.23:1 KDA,CS 167.7 (6.7),
rank 179,ShadowZerô,challenger,767 LP,214W 191L,WR 53%,Soraka,2.71:1 KDA,CS 14.3 (0.6),
rank 180,wqdqwd,challenger,767 LP,74W 52L,WR 59%,Ahri,4.03:1 KDA,CS 177.8 (7.4),
rank 181,Inferior AD,challenger,765 LP,88W 70L,WR 56%,Kai'Sa,3.59:1 KDA,CS 231.2 (9.1),
rank 182,Yang Liu,challenger,764 LP,54W 28L,WR 66%,Xerath,2.6:1 KDA,CS 34.4 (1.6),
rank 183,Le Petit Pr1nce,challenger,762 LP,62W 21L,WR 75%,Renekton,4.03:1 KDA,CS 197.1 (8.3),
rank 184,Adamdam,challenger,760 LP,142W 128L,WR 53%,Jayce,1.94:1 KDA,CS 197.3 (8.2),
rank 185,High castle,challenger,759 LP,196W 172L,WR 53%,Rakan,3.44:1 KDA,CS 34 (1.4),
rank 186,GO RagoshixD123,challenger,759 LP,65W 44L,WR 60%,Yone,2.73:1 KDA,CS 224 (8.8),
rank 187,NNO ONN,challenger,757 LP,81W 52L,WR 61%,Jayce,4.23:1 KDA,CS 200.5 (7.8),
rank 188,mdb1,challenger,756 LP,92W 62L,WR 60%,Samira,2.66:1 KDA,CS 192.7 (7.8),
rank 189,JuJuTw0,challenger,752 LP,105W 87L,WR 55%,Ezreal,3.62:1 KDA,CS 205 (8),
rank 190,ChainIess,challenger,752 LP,71W 49L,WR 59%,Kai'Sa,2.42:1 KDA,CS 179.2 (7.5),
rank 191,i can fight,challenger,750 LP,131W 122L,WR 52%,Kai'Sa,2.99:1 KDA,CS 227.8 (8.7),
rank 192,Quinncidence,challenger,750 LP,144W 128L,WR 53%,Yorick,2.41:1 KDA,CS 214.2 (8.8),
rank 193,Tinelli,challenger,749 LP,119W 99L,WR 55%,Rell,3.65:1 KDA,CS 29.7 (1.2),
rank 194,swaggyfreak69,challenger,748 LP,155W 136L,WR 53%,Qiyana,3.01:1 KDA,CS 172.7 (6.6),
rank 195,500700,challenger,747 LP,93W 76L,WR 55%,Aatrox,2.35:1 KDA,CS 177.6 (7.1),
rank 196,PaWho,challenger,747 LP,84W 57L,WR 60%,Nautilus,2.59:1 KDA,CS 29.7 (1.2),
rank 197,Dîamondprox,challenger,746 LP,76W 50L,WR 60%,Bel'Veth,3.16:1 KDA,CS 169.6 (6.8),
rank 198,i miss winning,challenger,746 LP,198W 177L,WR 53%,Ashe,2.67:1 KDA,CS 180.9 (7.3),
rank 199,PONESU KLÁDY,challenger,746 LP,79W 57L,WR 58%,Taliyah,3.23:1 KDA,CS 202.6 (8),
rank 200,faker baIIsack,challenger,745 LP,96W 75L,WR 56%,Syndra,3.63:1 KDA,CS 215.5 (8.4),
rank 201,Μarto,challenger,745 LP,64W 43L,WR 60%,Talon,2.92:1 KDA,CS 189.2 (7.5),
rank 202,DONT DIE 2V2 1V1,challenger,744 LP,91W 66L,WR 58%,Rek'Sai,3.29:1 KDA,CS 156.5 (5.9),
rank 203,Shawi Katami,challenger,743 LP,247W 226L,WR 52%,Rell,3.4:1 KDA,CS 28.1 (1.1),
rank 204,Le mec du 91,challenger,743 LP,61W 34L,WR 64%,Viego,3.42:1 KDA,CS 145.7 (6.1),
rank 205,Dealersz,challenger,741 LP,116W 95L,WR 55%,Draven,2.83:1 KDA,CS 208.5 (8.3),
rank 206,Sαsuke Uchihα,challenger,741 LP,133W 110L,WR 55%,Syndra,2.39:1 KDA,CS 200.5 (8),
rank 207,potatoluckypine,challenger,740 LP,122W 84L,WR 59%,Katarina,4.82:1 KDA,CS 156.2 (6.2),
rank 208,MertYener88,challenger,739 LP,70W 47L,WR 60%,Yone,2.3:1 KDA,CS 217.3 (8.6),
rank 209,Defy Death,challenger,739 LP,91W 60L,WR 60%,Draven,2.46:1 KDA,CS 191.8 (8),
rank 210,JGLMIDJGLMIDJGL,challenger,738 LP,66W 44L,WR 60%,Soraka,3.36:1 KDA,CS 10.1 (0.4),
rank 211,cadianNN,challenger,738 LP,107W 85L,WR 56%,Jax,1.83:1 KDA,CS 180.4 (7.6),
rank 212,oxycodone0001,challenger,737 LP,170W 153L,WR 53%,Samira,2.75:1 KDA,CS 197.7 (7.7),
rank 213,Kushinada Lucyna,challenger,736 LP,89W 64L,WR 58%,Aatrox,2.84:1 KDA,CS 172.5 (6.9),
rank 214,Pyque Cornudo,challenger,736 LP,115W 80L,WR 59%,Thresh,2.48:1 KDA,CS 30.5 (1.2),
rank 215,sharynne enjoyer,challenger,735 LP,92W 77L,WR 54%,Rakan,3.81:1 KDA,CS 36 (1.5),
rank 216,A41G Frappii,challenger,734 LP,99W 79L,WR 56%,Ashe,2.94:1 KDA,CS 195.3 (7.5),
rank 217,Timon,challenger,734 LP,83W 63L,WR 57%,Bel'Veth,2.82:1 KDA,CS 162.8 (6.7),
rank 218,is it just me,challenger,734 LP,38W 19L,WR 67%,Aatrox,2.16:1 KDA,CS 208.6 (8),
rank 219,Obstinatus,challenger,733 LP,86W 67L,WR 56%,Rell,3.67:1 KDA,CS 33 (1.3),
rank 220,SURPRISEPIKACHU,challenger,733 LP,55W 29L,WR 65%,Janna,5.06:1 KDA,CS 14.3 (0.5),
rank 221,Syzyfek,challenger,733 LP,101W 73L,WR 58%,Varus,3.08:1 KDA,CS 203.7 (8.1),
rank 222,G2 Susamaru,challenger,733 LP,55W 32L,WR 63%,Kled,2.91:1 KDA,CS 192.1 (7.6),
rank 223,twtvsubbexlol,challenger,731 LP,94W 71L,WR 57%,Kai'Sa,4.66:1 KDA,CS 211.7 (8.7),
rank 224,Alea jαctα est,challenger,730 LP,73W 52L,WR 58%,Kha'Zix,4.9:1 KDA,CS 146.5 (6.6),
rank 225,INT gregreg,challenger,728 LP,86W 63L,WR 58%,Bard,4.27:1 KDA,CS 13.2 (0.5),
rank 226,FEBIVEN,challenger,728 LP,98W 83L,WR 54%,LeBlanc,3.49:1 KDA,CS 210.7 (8.1),
rank 227,paopaopw Dratiko,challenger,727 LP,107W 86L,WR 55%,Draven,2.65:1 KDA,CS 182.5 (7.5),
rank 228,qwertzswqe,challenger,726 LP,95W 66L,WR 59%,K'Sante,3.07:1 KDA,CS 189 (7.8),
rank 229,Agresivoo,challenger,726 LP,121W 100L,WR 55%,Rumble,2.34:1 KDA,CS 186 (7.4),
rank 230,Haster 1,challenger,726 LP,149W 125L,WR 54%,Renekton,2.26:1 KDA,CS 173.5 (6.7),
rank 231,sindrelolpro2345,challenger,725 LP,102W 81L,WR 56%,Senna,2.58:1 KDA,CS 26.6 (1.1),
rank 232,David Goggins 1,challenger,725 LP,123W 108L,WR 53%,Riven,3:1 KDA,CS 243.4 (9),
rank 233,Yagiao,challenger,724 LP,77W 55L,WR 58%,Viego,3.55:1 KDA,CS 165.5 (6.8),
rank 234,Fade 7,challenger,724 LP,151W 134L,WR 53%,Ahri,2.99:1 KDA,CS 196.9 (7.6),
rank 235,graa lyft,challenger,723 LP,126W 109L,WR 54%,Rell,2.75:1 KDA,CS 30 (1.2),
rank 236,ELLHNIKO ADC,challenger,723 LP,73W 37L,WR 66%,Ashe,3.09:1 KDA,CS 179.6 (7.5),
rank 237,SirMysterious2,challenger,723 LP,80W 54L,WR 60%,Poppy,3.21:1 KDA,CS 152 (6.5),
rank 238,Kusa o Miko,challenger,721 LP,93W 73L,WR 56%,Kayn,3:1 KDA,CS 152.8 (6.2),
rank 239,YXXXXXO,challenger,720 LP,79W 47L,WR 63%,Ezreal,3.56:1 KDA,CS 209.2 (7.9),
rank 240,Frank Cαstle,challenger,720 LP,166W 147L,WR 53%,Kindred,2.7:1 KDA,CS 179 (7.1),
rank 241,Depresedvkid1337,challenger,720 LP,147W 122L,WR 55%,Yone,2.1:1 KDA,CS 197.6 (7.9),
rank 242,K31 C4 M,challenger,718 LP,54W 29L,WR 65%,Rell,3.66:1 KDA,CS 30.5 (1.2),
rank 243,Coatpustmain,challenger,718 LP,135W 114L,WR 54%,Ornn,3.11:1 KDA,CS 176.4 (6.8),
rank 244,owΙ,challenger,718 LP,90W 36L,WR 71%,Yasuo,2.72:1 KDA,CS 195.4 (8.8),
rank 245,Syn Młynarza1,challenger,718 LP,84W 67L,WR 56%,Rakan,3.92:1 KDA,CS 33.5 (1.3),
rank 246,me bad u worse,challenger,718 LP,59W 37L,WR 61%,Rumble,3.28:1 KDA,CS 215.3 (8),
rank 247,Kritias,challenger,717 LP,133W 101L,WR 57%,Renekton,2.43:1 KDA,CS 195.6 (7.9),
rank 248,LOVENSE MAXMODE,challenger,717 LP,146W 132L,WR 53%,Janna,4.62:1 KDA,CS 12.4 (0.5),
rank 249,Stormtrooper742,challenger,716 LP,92W 73L,WR 56%,Rell,3.01:1 KDA,CS 34 (1.3),
rank 250,BU BANA KACIYO,challenger,716 LP,71W 43L,WR 62%,Rell,3.88:1 KDA,CS 36.4 (1.5),
rank 251,Yog Sothoth,challenger,716 LP,65W 39L,WR 63%,Kai'Sa,2.99:1 KDA,CS 218.6 (8.1),
rank 252,DeadhoundC,challenger,715 LP,240W 221L,WR 52%,Kai'Sa,2.67:1 KDA,CS 201.3 (7.5),
rank 253,Tyräel,challenger,715 LP,149W 132L,WR 53%,Rammus,1.71:1 KDA,CS 152.4 (6.2),
rank 254,Zankiller2,challenger,715 LP,92W 68L,WR 57%,Kindred,3.81:1 KDA,CS 150.3 (6.5),
rank 255,Lekcyc,challenger,714 LP,60W 42L,WR 59%,Rell,3.55:1 KDA,CS 32.2 (1.3),
rank 256,aIprazoIam,challenger,714 LP,62W 40L,WR 61%,Twitch,2.79:1 KDA,CS 154.3 (6),
rank 257,BIomster Finn,challenger,713 LP,81W 60L,WR 57%,Rumble,2.14:1 KDA,CS 163.5 (7),
rank 258,KIaus Mikaelson,challenger,711 LP,116W 83L,WR 58%,Draven,3.09:1 KDA,CS 185.1 (7.8),
rank 259,Inside a House,challenger,709 LP,148W 116L,WR 56%,Kai'Sa,3.38:1 KDA,CS 215.6 (8.4),
rank 260,Luroxx,challenger,709 LP,91W 72L,WR 56%,Viego,4.47:1 KDA,CS 168.6 (6.7),
rank 261,bigdaddy23,challenger,709 LP,52W 20L,WR 72%,Irelia,2.64:1 KDA,CS 213.9 (8.4),
rank 262,Monsieur Dunks,challenger,708 LP,91W 70L,WR 57%,Urgot,2.87:1 KDA,CS 190 (7.3),
rank 263,gfghs,challenger,706 LP,76W 55L,WR 58%,Ashe,2.35:1 KDA,CS 179.1 (7.1),
rank 264,Petoska,challenger,706 LP,91W 68L,WR 57%,Riven,2.97:1 KDA,CS 216.7 (8.2),
rank 265,Roison,challenger,706 LP,86W 69L,WR 55%,Tristana,2.32:1 KDA,CS 187.4 (7.2),
rank 266,ImJony,challenger,706 LP,62W 40L,WR 61%,Kha'Zix,3.66:1 KDA,CS 178.1 (6.8),
rank 267,Husaria ECPU,challenger,706 LP,143W 118L,WR 55%,Rek'Sai,2.62:1 KDA,CS 147.5 (5.8),
rank 268,Lohock,challenger,705 LP,148W 120L,WR 55%,Taliyah,2.14:1 KDA,CS 201.7 (7.6),
rank 269,zstrong22,challenger,705 LP,91W 62L,WR 59%,Irelia,2.23:1 KDA,CS 213.7 (8.6),
rank 270,RaiderGO v2,challenger,705 LP,115W 92L,WR 56%,Darius,2.64:1 KDA,CS 215.3 (8.3),
rank 271,INDD,challenger,703 LP,115W 91L,WR 56%,Tristana,2.29:1 KDA,CS 202.1 (8.4),
rank 272,TWITTER OPAT04XD,challenger,703 LP,105W 89L,WR 54%,Vladimir,3.24:1 KDA,CS 216 (8.2),
rank 273,1roNN,challenger,703 LP,161W 141L,WR 53%,Rell,3.28:1 KDA,CS 31.2 (1.2),
rank 274,I Lονe Yοu,challenger,701 LP,60W 34L,WR 64%,Seraphine,4.78:1 KDA,CS 50.1 (1.9),
rank 275,SPEEDOBEAR,challenger,700 LP,82W 61L,WR 57%,Bard,3.77:1 KDA,CS 15.8 (0.6),
rank 276,IlIlIIIIIl,challenger,700 LP,93W 66L,WR 58%,Fiddlesticks,2.44:1 KDA,CS 120.6 (4.6),
rank 277,CEO of Mærsk,challenger,700 LP,111W 89L,WR 56%,Lissandra,3.15:1 KDA,CS 214.5 (8.2),
rank 278,No God Complex,challenger,700 LP,127W 100L,WR 56%,Rakan,3.41:1 KDA,CS 36.1 (1.4),
rank 279,Empty VesseI,challenger,699 LP,69W 45L,WR 61%,Elise,3.7:1 KDA,CS 140 (5.5),
rank 280,The Fallen AngeI,challenger,699 LP,96W 60L,WR 62%,Kayn,3.04:1 KDA,CS 162.3 (6.4),
rank 281,Mikaaaaa,challenger,699 LP,58W 30L,WR 66%,Twitch,2.27:1 KDA,CS 148.6 (5.9),
rank 282,ADSTAR EUNE,challenger,699 LP,158W 136L,WR 54%,Kai'Sa,2.96:1 KDA,CS 188.5 (7.6),
rank 283,Kevin Pearson,challenger,698 LP,148W 134L,WR 52%,Lee Sin,3.18:1 KDA,CS 135 (5.5),
rank 284,WarShogun,challenger,698 LP,115W 90L,WR 56%,Nidalee,3.96:1 KDA,CS 180 (7),
rank 285,alysha,challenger,698 LP,84W 50L,WR 63%,Vayne,1.96:1 KDA,CS 208.3 (8.1),
rank 286,Bumblebee King,challenger,697 LP,77W 45L,WR 63%,Jarvan IV,4.39:1 KDA,CS 148.8 (5.9),
rank 287,J4mes Chungus,challenger,697 LP,80W 53L,WR 60%,Ryze,3.2:1 KDA,CS 194.8 (7.8),
rank 288,Mirrai,challenger,696 LP,95W 72L,WR 57%,Kalista,2.59:1 KDA,CS 191.5 (7.5),
rank 289,LΣNNY,challenger,695 LP,50W 26L,WR 66%,Kalista,2.91:1 KDA,CS 218.2 (8.4),
rank 290,Clarence Kennedy,challenger,681 LP,235W 219L,WR 52%,Viego,3.58:1 KDA,CS 161.4 (6.2),
rank 291,Happy Alexx,challenger,681 LP,112W 99L,WR 53%,Poppy,4.14:1 KDA,CS 145.6 (5.2),
rank 292,DIV YelowMoonkey,challenger,677 LP,208W 192L,WR 52%,Kai'Sa,2.8:1 KDA,CS 207.6 (7.9),
rank 293,Top Steve,challenger,677 LP,205W 182L,WR 53%,Illaoi,1.33:1 KDA,CS 228.3 (8.9),
rank 294,mental bootcamp,challenger,673 LP,179W 155L,WR 54%,Heimerdinger,2.2:1 KDA,CS 34.9 (1.3),
rank 295,ECSTASSSSY,challenger,666 LP,118W 104L,WR 53%,Kai'Sa,3.34:1 KDA,CS 204.8 (7.8),
rank 296,CHRSTINA GRIMMIE,challenger,664 LP,78W 40L,WR 66%,Azir,3.06:1 KDA,CS 207.1 (8.4),
rank 297,Find inner peace,challenger,656 LP,100W 77L,WR 56%,Varus,2.72:1 KDA,CS 194.5 (7.3),
rank 298,YT BriefcaseMan,challenger,642 LP,127W 94L,WR 57%,Dr. Mundo,2.23:1 KDA,CS 196.1 (7.7),
rank 299,KHK Gabimaru,challenger,637 LP,110W 96L,WR 53%,Bel'Veth,3.06:1 KDA,CS 155.9 (6.3),
rank 300,looca,challenger,625 LP,106W 88L,WR 55%,Gragas,3.77:1 KDA,CS 192.8 (7.3),
rank 301,S P L A S H 777,grandmaster,789 LP,74W 50L,WR 60%,Evelynn,5.17:1 KDA,CS 142.1 (5.7),
rank 302,nicolaiy,grandmaster,764 LP,101W 74L,WR 58%,Kha'Zix,3.11:1 KDA,CS 176 (6.8),
rank 303,along the way,grandmaster,741 LP,67W 43L,WR 61%,Ezreal,3.57:1 KDA,CS 189.3 (7.9),
rank 304,Lunddorflol123,grandmaster,735 LP,125W 110L,WR 53%,Rumble,2.22:1 KDA,CS 179.6 (7.5),
rank 305,Replay Remix,grandmaster,734 LP,138W 92L,WR 60%,Diana,3.01:1 KDA,CS 222.1 (8.7),
rank 306,NHWK,grandmaster,725 LP,155W 132L,WR 54%,Karthus,3.15:1 KDA,CS 179.6 (7.3),
rank 307,Fαllεn 1,grandmaster,720 LP,79W 55L,WR 59%,Jarvan IV,4.99:1 KDA,CS 159.7 (6.4),
rank 308,Gorący Maciuś,grandmaster,720 LP,90W 64L,WR 58%,Senna,2.75:1 KDA,CS 34.5 (1.3),
rank 309,Sang Hyeon,grandmaster,719 LP,172W 149L,WR 54%,Sejuani,3.73:1 KDA,CS 142 (5.2),
rank 310,Gruiku,grandmaster,718 LP,108W 85L,WR 56%,Olaf,1.94:1 KDA,CS 194 (8),
rank 311,only montage,grandmaster,717 LP,88W 64L,WR 58%,Kalista,2.52:1 KDA,CS 195.5 (8.1),
rank 312,NineFiveZero,grandmaster,716 LP,236W 205L,WR 54%,Kai'Sa,2.85:1 KDA,CS 215.5 (8),
rank 313,Dumletikkari,grandmaster,714 LP,125W 92L,WR 58%,Zac,2.91:1 KDA,CS 162.6 (6.3),
rank 314,DMAA enjoyer,grandmaster,713 LP,174W 146L,WR 54%,LeBlanc,3.29:1 KDA,CS 186.6 (7.6),
rank 315,Dekap,grandmaster,710 LP,140W 126L,WR 53%,Rell,2.91:1 KDA,CS 28.6 (1.1),
rank 316,SK KHAN,grandmaster,707 LP,82W 65L,WR 56%,Aatrox,2.01:1 KDA,CS 185.6 (7.5),
rank 317,Mutant Grzegorz,grandmaster,705 LP,75W 53L,WR 59%,Ashe,3.88:1 KDA,CS 203.6 (8),
rank 318,Imgoingbackto505,grandmaster,704 LP,188W 158L,WR 54%,Kindred,2.92:1 KDA,CS 172.6 (7),
rank 319,Zem Zem,grandmaster,693 LP,103W 76L,WR 58%,Rell,3.27:1 KDA,CS 34 (1.4),
rank 320,KeriaLehendsON,grandmaster,693 LP,96W 74L,WR 56%,Nautilus,3.24:1 KDA,CS 33.6 (1.3),
rank 321,Drugdar,grandmaster,693 LP,78W 58L,WR 57%,Ezreal,3.78:1 KDA,CS 197.1 (7.8),
rank 322,a0giri,grandmaster,691 LP,71W 44L,WR 62%,Ezreal,3.31:1 KDA,CS 204.6 (8.1),
rank 323,lnferiorities,grandmaster,691 LP,91W 61L,WR 60%,Darius,2.67:1 KDA,CS 203.6 (7.7),
rank 324,Zubac,grandmaster,690 LP,149W 125L,WR 54%,Viego,3.22:1 KDA,CS 126 (5.2),
rank 325,fantomisto,grandmaster,689 LP,116W 97L,WR 54%,Cassiopeia,3.29:1 KDA,CS 193.1 (8),
rank 326,Built,grandmaster,688 LP,49W 28L,WR 64%,Riven,2.51:1 KDA,CS 227.6 (8.9),
rank 327,Jαvier,grandmaster,688 LP,73W 56L,WR 57%,Ahri,3.91:1 KDA,CS 189.4 (7.9),
rank 328,Infinite Mage,grandmaster,688 LP,85W 72L,WR 54%,Ezreal,1.96:1 KDA,CS 206.1 (8.2),
rank 328,SlNGED,grandmaster,687 LP,94W 77L,WR 55%,Singed,2.64:1 KDA,CS 171.5 (6.9),
rank 329,tempbbnbwovvonqq,grandmaster,687 LP,83W 53L,WR 61%,Kha'Zix,5.58:1 KDA,CS 169 (6.4),
rank 330,Adrian Chase,grandmaster,685 LP,69W 46L,WR 60%,Rell,3.01:1 KDA,CS 29.9 (1.2),
rank 331,Okabekin,grandmaster,684 LP,88W 59L,WR 60%,Shaco,4.32:1 KDA,CS 172.9 (6.5),
rank 332,pyke4132,grandmaster,682 LP,50W 22L,WR 69%,Pyke,2.7:1 KDA,CS 36.4 (1.6),
rank 333,Skeln,grandmaster,682 LP,73W 45L,WR 62%,Nidalee,3.99:1 KDA,CS 155.3 (6.1),
rank 334,Warnerr,grandmaster,681 LP,122W 102L,WR 54%,LeBlanc,5.19:1 KDA,CS 211 (8.8),
rank 335,TPAA Wrongo,grandmaster,680 LP,69W 46L,WR 60%,Rakan,4.04:1 KDA,CS 37.2 (1.5),
rank 336,JL Urban,grandmaster,680 LP,117W 98L,WR 54%,Lee Sin,3.87:1 KDA,CS 180.3 (6.7),
rank 337,SatØrius,grandmaster,680 LP,126W 118L,WR 52%,Rumble,2.99:1 KDA,CS 168.2 (6.7),
rank 338,takeset smurfer,grandmaster,680 LP,75W 60L,WR 56%,Ashe,3.13:1 KDA,CS 194.8 (8.1),
rank 339,DKRQGSCR,grandmaster,679 LP,78W 57L,WR 58%,Maokai,4.03:1 KDA,CS 128.5 (4.9),
rank 340,Keia,grandmaster,678 LP,148W 136L,WR 52%,Rakan,3.02:1 KDA,CS 35.1 (1.4),
rank 341,hirohai,grandmaster,676 LP,53W 24L,WR 69%,Tristana,3.37:1 KDA,CS 197.3 (7.6),
rank 342,wwwaaaiii2,grandmaster,674 LP,68W 47L,WR 59%,Evelynn,4.07:1 KDA,CS 145.2 (6),
rank 343,TMAX VROUM VROUM,grandmaster,674 LP,209W 189L,WR 53%,Udyr,3.49:1 KDA,CS 160.7 (6.5),
rank 344,Lingwi,grandmaster,673 LP,77W 57L,WR 57%,Renekton,2.75:1 KDA,CS 195.5 (7.9),
rank 345,XnS Sama,grandmaster,673 LP,86W 65L,WR 57%,Jarvan IV,7.29:1 KDA,CS 156.4 (6),
rank 346,sexysurferboy,grandmaster,672 LP,99W 81L,WR 55%,Rell,2.68:1 KDA,CS 31.6 (1.2),
rank 347,Mati Ostrołęcki,grandmaster,671 LP,82W 64L,WR 56%,Rek'Sai,4.39:1 KDA,CS 153.9 (6),
rank 348,yüzenköfte,grandmaster,670 LP,70W 51L,WR 58%,LeBlanc,4.2:1 KDA,CS 229.5 (9.1),
rank 349,TPAA Ruben,grandmaster,670 LP,101W 87L,WR 54%,Syndra,2.39:1 KDA,CS 202.5 (8.1),
rank 350,EUM MIDKING 2024,grandmaster,669 LP,113W 97L,WR 54%,Jayce,2.62:1 KDA,CS 222 (8.1),
rank 351,TwTv Odysseus131,grandmaster,668 LP,66W 50L,WR 57%,Taliyah,2.34:1 KDA,CS 181 (7.3),
rank 352,guubiyusi,grandmaster,668 LP,92W 58L,WR 61%,Caitlyn,2.58:1 KDA,CS 190.2 (7.2),
rank 353,Fire Warrior,grandmaster,666 LP,68W 47L,WR 59%,K'Sante,3.23:1 KDA,CS 188.6 (7.4),
rank 354,NPC reon,grandmaster,665 LP,114W 92L,WR 55%,Kai'Sa,2.66:1 KDA,CS 218.8 (8.5),
rank 355,INNERSTATE,grandmaster,665 LP,94W 73L,WR 56%,Lee Sin,3.73:1 KDA,CS 167.1 (6.5),
rank 356,Danteleul wihae,grandmaster,665 LP,99W 68L,WR 59%,Kayn,3.42:1 KDA,CS 191.1 (7.4),
rank 357,Ivεrn,grandmaster,665 LP,139W 118L,WR 54%,Kai'Sa,4.85:1 KDA,CS 200.1 (8),
rank 358,Stormaxx,grandmaster,664 LP,98W 82L,WR 54%,Jarvan IV,5.58:1 KDA,CS 145.2 (5.9),
rank 359,Relinquished2,grandmaster,664 LP,188W 168L,WR 53%,Kai'Sa,2.41:1 KDA,CS 207 (8),
rank 360,GO toucouille,grandmaster,663 LP,68W 54L,WR 56%,Ahri,2.9:1 KDA,CS 190.2 (7.5),
rank 361,MORDE OTWIERA,grandmaster,663 LP,140W 125L,WR 53%,LeBlanc,2.97:1 KDA,CS 216.7 (8.4),
rank 362,Kiril Lazarov,grandmaster,663 LP,115W 100L,WR 53%,Lillia,3.33:1 KDA,CS 176.4 (6.8),
rank 363,Sentiö,grandmaster,661 LP,120W 97L,WR 55%,Kai'Sa,2.44:1 KDA,CS 200.5 (7.7),
rank 364,Cathuniani,grandmaster,661 LP,85W 67L,WR 56%,Kai'Sa,2.59:1 KDA,CS 195.8 (7.8),
rank 365,Go Ha Go Ha,grandmaster,661 LP,115W 103L,WR 53%,Aatrox,1.82:1 KDA,CS 172.8 (6.9),
rank 366,Keep Dreaming,grandmaster,660 LP,215W 187L,WR 53%,Rell,3.57:1 KDA,CS 34.7 (1.3),
rank 367,silkysmath,grandmaster,659 LP,55W 34L,WR 62%,Ezreal,2.71:1 KDA,CS 196.2 (7.5),
rank 368,ChestbicepsS,grandmaster,659 LP,106W 80L,WR 57%,Lulu,4.47:1 KDA,CS 10.2 (0.4),
rank 369,Wojtek Kruza,grandmaster,654 LP,78W 59L,WR 57%,Rakan,4.37:1 KDA,CS 35.9 (1.4),
rank 370,RobertBrännström,grandmaster,653 LP,100W 82L,WR 55%,Yone,1.77:1 KDA,CS 204.8 (8.3),
rank 371,TraYtoN,grandmaster,652 LP,50W 29L,WR 63%,Rakan,4.58:1 KDA,CS 32.4 (1.3),
rank 372,eYa Beaupere,grandmaster,652 LP,53W 31L,WR 63%,Orianna,2.8:1 KDA,CS 196.2 (7.7),
rank 373,Beartree,grandmaster,652 LP,102W 70L,WR 59%,Naafiri,3.73:1 KDA,CS 184.4 (7.6),
rank 374,Kimchi SUP,grandmaster,651 LP,73W 61L,WR 54%,Renekton,2.02:1 KDA,CS 177.4 (7.4),
rank 375,zyb5,grandmaster,650 LP,78W 53L,WR 60%,Kindred,4.25:1 KDA,CS 169.8 (6.7),
rank 376,xlnsn,grandmaster,650 LP,51W 29L,WR 64%,Lee Sin,4.21:1 KDA,CS 156.5 (5.7),
rank 377,Sunglasses Didi,grandmaster,649 LP,74W 49L,WR 60%,Irelia,2.19:1 KDA,CS 217.5 (8.5),
rank 378,qwerxzcvsdfg,grandmaster,649 LP,100W 84L,WR 54%,Lee Sin,5.35:1 KDA,CS 159.5 (6.1),
rank 379,OG Marlos,grandmaster,648 LP,180W 156L,WR 54%,Twitch,2.27:1 KDA,CS 166 (6.4),
rank 380,Hadeslol,grandmaster,648 LP,95W 76L,WR 56%,Nidalee,4.89:1 KDA,CS 167.1 (6.5),
rank 381,KHAMZAT SHAVKAT,grandmaster,648 LP,116W 94L,WR 55%,Naafiri,2.13:1 KDA,CS 180.2 (7.1),
rank 382,doing dishes,grandmaster,648 LP,85W 61L,WR 58%,Renekton,2.28:1 KDA,CS 212.6 (8.6),
rank 383,Níjhuis,grandmaster,647 LP,62W 38L,WR 62%,Rumble,2.06:1 KDA,CS 192.8 (7.1),
rank 384,DIEU ROI MACRON,grandmaster,644 LP,92W 68L,WR 57%,Olaf,2.51:1 KDA,CS 190.5 (7.7),
rank 385,Tâ lî kè shén,grandmaster,644 LP,99W 69L,WR 59%,Taric,3.36:1 KDA,CS 31.3 (1.3),
rank 386,GJSNVLSJG3S,grandmaster,643 LP,71W 54L,WR 57%,Ashe,4.61:1 KDA,CS 204.3 (8),
rank 387,Iron Kuk,grandmaster,642 LP,82W 60L,WR 58%,Rell,4.25:1 KDA,CS 31.2 (1.2),
rank 388,Stay Stay Stay,grandmaster,642 LP,56W 32L,WR 64%,Sona,3.97:1 KDA,CS 11.6 (0.5),
rank 389,freezeway,grandmaster,642 LP,73W 46L,WR 61%,Kayn,3.3:1 KDA,CS 156.8 (6.3),
rank 390,TTV owsmay,grandmaster,642 LP,94W 66L,WR 59%,Jayce,2.62:1 KDA,CS 202.1 (7.9),
rank 391,weixin xiaofang,grandmaster,642 LP,88W 55L,WR 62%,Kha'Zix,3.24:1 KDA,CS 156.7 (6.2),
rank 392,MARIA I AM DRUNK,grandmaster,642 LP,168W 148L,WR 53%,Rell,3.33:1 KDA,CS 30.3 (1.2),
rank 393,HachchickeN,grandmaster,640 LP,134W 105L,WR 56%,Bard,2.33:1 KDA,CS 24.5 (0.9),
rank 394,why losee,grandmaster,640 LP,95W 73L,WR 57%,Jayce,2.42:1 KDA,CS 186 (8),
rank 395,Cast,grandmaster,638 LP,133W 118L,WR 53%,Kindred,3.5:1 KDA,CS 159 (6.3),
rank 396,TTVGwenWannaBe,grandmaster,638 LP,159W 131L,WR 55%,Taric,2.8:1 KDA,CS 43.7 (1.8),
rank 397,Gumadruxy,grandmaster,638 LP,145W 118L,WR 55%,Kai'Sa,2.32:1 KDA,CS 208.5 (8.3),
rank 398,Furry Soraka,grandmaster,637 LP,95W 70L,WR 58%,Soraka,3.12:1 KDA,CS 15.2 (0.6),
rank 399,Theocacs,grandmaster,636 LP,174W 166L,WR 51%,Gragas,3.71:1 KDA,CS 152.3 (5.7),
rank 401,Shunrím,grandmaster,631 LP,110W 95L,WR 54%,Thresh,3.13:1 KDA,CS 32.2 (1.2),
rank 402,DK top,grandmaster,631 LP,64W 42L,WR 60%,Renekton,1.98:1 KDA,CS 197.1 (7.8),
rank 403,baka ooniichaan,grandmaster,630 LP,77W 58L,WR 57%,Rumble,3.44:1 KDA,CS 129.6 (6),
rank 404,Sir Leywin,grandmaster,627 LP,45W 31L,WR 59%,Nocturne,4.32:1 KDA,CS 178.8 (6.7),
rank 405,XiaoBaobei121,grandmaster,626 LP,139W 133L,WR 51%,Tristana,2.3:1 KDA,CS 210.5 (8.6),
rank 406,SniIIer,grandmaster,626 LP,87W 71L,WR 55%,Taric,2.81:1 KDA,CS 35.5 (1.4),
rank 407,JµštMøñïką,grandmaster,626 LP,109W 80L,WR 58%,Samira,2.54:1 KDA,CS 189.8 (7.6),
rank 408,V E J A I R O,grandmaster,625 LP,90W 66L,WR 58%,Zed,3.06:1 KDA,CS 247 (9.2),
rank 409,Harbo,grandmaster,624 LP,67W 48L,WR 58%,Syndra,3.39:1 KDA,CS 223.2 (8.6),
rank 410,WiIIyrex Fanboy,grandmaster,623 LP,71W 52L,WR 58%,Taric,4.87:1 KDA,CS 34.4 (1.4),
rank 411,Sayona,grandmaster,622 LP,204W 193L,WR 51%,Soraka,2.89:1 KDA,CS 12.6 (0.5),
rank 412,Maître 6,grandmaster,620 LP,123W 111L,WR 53%,Veigar,2.85:1 KDA,CS 197.3 (7.5),
rank 413,Roulette,grandmaster,619 LP,163W 151L,WR 52%,Ivern,6.02:1 KDA,CS 113.4 (4.6),
rank 414,TURTLE MENTALITY,grandmaster,618 LP,84W 63L,WR 57%,Rek'Sai,3.62:1 KDA,CS 151.2 (6),
rank 415,Holak,grandmaster,617 LP,101W 83L,WR 55%,Rakan,3.66:1 KDA,CS 30.4 (1.2),
rank 416,Wendigο,grandmaster,617 LP,153W 140L,WR 52%,Viego,3.53:1 KDA,CS 154.3 (6),
rank 417,HopeItEnds,grandmaster,617 LP,96W 86L,WR 53%,Viego,3.83:1 KDA,CS 155 (6.2),
rank 418,kadeem top acc,grandmaster,616 LP,117W 92L,WR 56%,Darius,2.75:1 KDA,CS 185 (7.2),
rank 419,NineFiveZero,grandmaster,615 LP,236W 209L,WR 53%,Kai'Sa,2.78:1 KDA,CS 216.4 (8),
rank 420,R1 Raider,grandmaster,614 LP,71W 42L,WR 63%,Darius,3.74:1 KDA,CS 203.4 (8.5),
rank 421,Alicia,grandmaster,613 LP,50W 29L,WR 63%,Bel'Veth,3.24:1 KDA,CS 153.1 (6.6),
rank 422,DBE xMaxis,grandmaster,613 LP,185W 166L,WR 53%,Pantheon,2.49:1 KDA,CS 183.9 (7.1),
rank 423,H0TSUMMERS,grandmaster,613 LP,80W 68L,WR 54%,Yasuo,2.09:1 KDA,CS 184.5 (7.6),
rank 424,Raiju Son Hak,grandmaster,612 LP,44W 28L,WR 61%,Azir,2.93:1 KDA,CS 250.2 (8.7),
rank 425,chill falls1,grandmaster,612 LP,64W 51L,WR 56%,Ashe,4.07:1 KDA,CS 206.3 (8.1),
rank 426,Became Adult,grandmaster,612 LP,53W 33L,WR 62%,Aatrox,1.75:1 KDA,CS 185 (7.1),
rank 427,Køldo Locuraa,grandmaster,611 LP,52W 30L,WR 63%,Poppy,5.82:1 KDA,CS 131.2 (4.7),
rank 428,JetGoat,grandmaster,611 LP,68W 41L,WR 62%,Miss Fortune,2.92:1 KDA,CS 177.9 (6.8),
rank 429,Randomness321,grandmaster,610 LP,77W 46L,WR 63%,Ashe,2.99:1 KDA,CS 193.4 (7.8),
rank 430,Andolos,grandmaster,610 LP,131W 123L,WR 52%,Kai'Sa,2.82:1 KDA,CS 201.9 (8),
rank 431,Odoamne,grandmaster,609 LP,95W 82L,WR 54%,Aatrox,2.67:1 KDA,CS 188.7 (7.8),
rank 432,xSaeko09,grandmaster,608 LP,141W 118L,WR 54%,Draven,2.33:1 KDA,CS 193.5 (7.4),
rank 433,lluko4 twitter,grandmaster,607 LP,82W 55L,WR 60%,Ezreal,3.63:1 KDA,CS 171.2 (7.2),
rank 434,prezeka,grandmaster,607 LP,71W 52L,WR 58%,Jayce,2.91:1 KDA,CS 194.3 (8),
rank 435,Szygy,grandmaster,606 LP,44W 26L,WR 63%,Camille,3.04:1 KDA,CS 217.5 (8),
rank 436,A41G Luke,grandmaster,605 LP,57W 34L,WR 63%,Jayce,3.18:1 KDA,CS 200 (7.8),
rank 437,IJDWL,grandmaster,605 LP,100W 78L,WR 56%,Kindred,3.23:1 KDA,CS 175.7 (6.8),
rank 438,Nomanz,grandmaster,605 LP,74W 58L,WR 56%,Tristana,3.07:1 KDA,CS 211.4 (8.7),
rank 439,Shamma,grandmaster,605 LP,117W 94L,WR 55%,Ekko,3.35:1 KDA,CS 192.2 (7.5),
rank 440,Ghisou,grandmaster,605 LP,175W 145L,WR 55%,Kai'Sa,2.37:1 KDA,CS 193.8 (7.6),
rank 441,Spoodersussi v3,grandmaster,604 LP,83W 70L,WR 54%,Renekton,2.45:1 KDA,CS 193.1 (7.8),
rank 442,Lammoist,grandmaster,604 LP,69W 28L,WR 71%,Kalista,3.22:1 KDA,CS 199.6 (8.5),
rank 443,NoLimitsSaviour,grandmaster,603 LP,72W 47L,WR 61%,Pyke,3.22:1 KDA,CS 35.1 (1.4),
rank 444,KCKS,grandmaster,601 LP,64W 38L,WR 63%,Jax,2.53:1 KDA,CS 194.4 (8.1),
rank 445,lck material ad,grandmaster,601 LP,145W 104L,WR 58%,Xayah,2.52:1 KDA,CS 248.1 (9.3),
rank 446,keimaxxx,grandmaster,601 LP,125W 105L,WR 54%,Ezreal,2.69:1 KDA,CS 202 (7.9),
rank 447,TES1,grandmaster,600 LP,103W 81L,WR 56%,Jinx,2.76:1 KDA,CS 231.1 (8.5),
rank 448,Irode,grandmaster,600 LP,100W 83L,WR 55%,Elise,3.42:1 KDA,CS 142.5 (5.7),
rank 449,Angel ôf Death,grandmaster,600 LP,67W 44L,WR 60%,Talon,4.36:1 KDA,CS 199 (7.8),
rank 450,den store mand,grandmaster,599 LP,82W 65L,WR 56%,Aatrox,2.21:1 KDA,CS 203.7 (8.2),
rank 451,Veignorem,grandmaster,599 LP,103W 91L,WR 53%,Rakan,4.23:1 KDA,CS 34.3 (1.3),
rank 452,Eau distillée,grandmaster,599 LP,141W 118L,WR 54%,Garen,2.18:1 KDA,CS 211.3 (8.1),
rank 453,AMBASADOR PL9,grandmaster,598 LP,124W 96L,WR 56%,Kai'Sa,2.33:1 KDA,CS 175 (6.7),
rank 454,Virgin Radio,grandmaster,598 LP,63W 50L,WR 56%,Yone,1.75:1 KDA,CS 210.2 (8.2),
rank 455,Μxe,grandmaster,598 LP,205W 178L,WR 54%,Rell,3.5:1 KDA,CS 33.1 (1.3),
rank 456,Kapiac,grandmaster,597 LP,74W 58L,WR 56%,Ivern,5.83:1 KDA,CS 125.5 (4.9),
rank 457,Stasko Lover,grandmaster,597 LP,74W 50L,WR 60%,Bel'Veth,5.66:1 KDA,CS 158 (6.4),
rank 458,Republic Plato,grandmaster,596 LP,124W 104L,WR 54%,Alistar,3.22:1 KDA,CS 26.4 (1.1),
rank 459,Dam ADC,grandmaster,595 LP,104W 93L,WR 53%,Rakan,5.02:1 KDA,CS 35.4 (1.4),
rank 460,qmz,grandmaster,595 LP,42W 22L,WR 66%,Kha'Zix,4.28:1 KDA,CS 201 (7.3),
rank 461,Squeezie,grandmaster,595 LP,130W 116L,WR 53%,Garen,2.43:1 KDA,CS 197.2 (7.5),
rank 462,lllIIlIlIl,grandmaster,594 LP,42W 19L,WR 69%,Kai'Sa,5.89:1 KDA,CS 215.4 (8.2),
rank 463,f3ed l0rd,grandmaster,593 LP,84W 70L,WR 55%,Swain,3.73:1 KDA,CS 153.7 (6.2),
rank 464,człowiek z gazu,grandmaster,592 LP,131W 115L,WR 53%,Kayle,2.6:1 KDA,CS 246.9 (9.6),
rank 465,Im Mr Brutality,grandmaster,592 LP,92W 60L,WR 61%,Shaco,3.04:1 KDA,CS 134.3 (5.3),
rank 466,Pickled eyes,grandmaster,591 LP,112W 99L,WR 53%,Syndra,3.03:1 KDA,CS 207.3 (8),
rank 467,2023 SOLDIER,grandmaster,591 LP,106W 94L,WR 53%,Xayah,2.64:1 KDA,CS 203.4 (8.3),
rank 468,TTV DarkAuraLOL,grandmaster,591 LP,84W 68L,WR 55%,Kayn,2.61:1 KDA,CS 151.9 (6.1),
rank 469,Unknown Kadath,grandmaster,589 LP,62W 46L,WR 57%,Renekton,3.45:1 KDA,CS 187.8 (8.2),
rank 470,FatShield,grandmaster,589 LP,83W 64L,WR 56%,Aatrox,2.33:1 KDA,CS 187.9 (7),
rank 471,egoist rumble,grandmaster,588 LP,63W 40L,WR 61%,Rumble,2.86:1 KDA,CS 175.6 (6.8),
rank 472,Kang Seong,grandmaster,588 LP,110W 84L,WR 57%,Jayce,1.67:1 KDA,CS 199.2 (7.7),
rank 473,Jens,grandmaster,586 LP,153W 124L,WR 55%,Kha'Zix,4.85:1 KDA,CS 175.3 (6.7),
rank 474,motus vetiti,grandmaster,586 LP,87W 74L,WR 54%,Tristana,2.17:1 KDA,CS 198.4 (7.7),
rank 475,Sh0Fτy,grandmaster,586 LP,70W 44L,WR 61%,Rakan,3.1:1 KDA,CS 30.8 (1.2),
rank 476,1VS9InYourPeak,grandmaster,585 LP,149W 124L,WR 55%,Talon,2.84:1 KDA,CS 158.4 (6.2),
rank 477,electricshoe,grandmaster,585 LP,84W 65L,WR 56%,Thresh,2.98:1 KDA,CS 37.1 (1.4),
rank 478,Toji grind,grandmaster,584 LP,87W 70L,WR 55%,Renekton,2.41:1 KDA,CS 197.5 (7.6),
rank 479,Gryƒ,grandmaster,584 LP,176W 168L,WR 51%,Garen,2.23:1 KDA,CS 205 (7.9),
rank 480,TRYHARDWINWINWIN,grandmaster,583 LP,146W 131L,WR 53%,Lissandra,2.21:1 KDA,CS 28 (1.1),
rank 481,GIA Attila,grandmaster,583 LP,71W 45L,WR 61%,Kai'Sa,2.9:1 KDA,CS 217.9 (8.8),
rank 482,Soreαnα,grandmaster,583 LP,84W 55L,WR 60%,Cassiopeia,2.31:1 KDA,CS 178.4 (6.8),
rank 483,Ilyxou,grandmaster,583 LP,195W 178L,WR 52%,Aatrox,2.23:1 KDA,CS 155.9 (6.4),
rank 484,CT 9904,grandmaster,583 LP,74W 56L,WR 57%,Karma,5.02:1 KDA,CS 23.1 (0.9),
rank 485,SERVE THE MAKER,grandmaster,582 LP,129W 90L,WR 59%,Yasuo,2.2:1 KDA,CS 209.4 (8.4),
rank 486,CrawL111,grandmaster,582 LP,58W 23L,WR 72%,Karthus,4.33:1 KDA,CS 204.7 (8.6),
rank 487,Magic,grandmaster,581 LP,59W 42L,WR 58%,Xayah,2.25:1 KDA,CS 214.3 (8),
rank 488,Ao Shin Made Me,grandmaster,581 LP,109W 68L,WR 62%,Aurelion Sol,4:1 KDA,CS 199.3 (7.8),
rank 489,HEPUTCHBRY,grandmaster,580 LP,45W 25L,WR 64%,Alistar,3.28:1 KDA,CS 30.2 (1.1),
rank 490,S8DiamondDog,grandmaster,580 LP,61W 45L,WR 58%,Zed,4.29:1 KDA,CS 206.3 (8.7),
rank 491,lolxd129,grandmaster,580 LP,100W 49L,WR 67%,Kai'Sa,2.73:1 KDA,CS 208.9 (7.9),
rank 492,Legendary Bow,grandmaster,578 LP,45W 20L,WR 69%,Azir,3.2:1 KDA,CS 216.4 (8.4),
rank 493,qasdzxcvewzz,grandmaster,578 LP,120W 94L,WR 56%,Kai'Sa,3.18:1 KDA,CS 192.4 (7.7),
rank 494,Vasshu Sutanpido,grandmaster,577 LP,84W 67L,WR 56%,Rakan,5.8:1 KDA,CS 36.1 (1.4),
rank 495,Jeg flaekker alt,grandmaster,577 LP,80W 54L,WR 60%,Ahri,2.79:1 KDA,CS 193.7 (7.1),
rank 496,churros addict,grandmaster,576 LP,100W 81L,WR 55%,Rumble,2.41:1 KDA,CS 179.2 (7.1),
rank 497,Noxus Menace,grandmaster,576 LP,56W 35L,WR 62%,Twitch,2.6:1 KDA,CS 179.6 (7.2),
rank 498,yams1,grandmaster,575 LP,89W 64L,WR 58%,Viego,3.58:1 KDA,CS 157.7 (6.3),
rank 499,Kings will be GM,grandmaster,575 LP,83W 63L,WR 57%,Camille,2.33:1 KDA,CS 163.8 (6.2),
rank 500,Kakarot17,grandmaster,575 LP,105W 84L,WR 56%,Kai'Sa,2.98:1 KDA,CS 193.9 (7.5),
rank 501,Rai 1v9,grandmaster,575 LP,68W 45L,WR 60%,Jarvan IV,5.19:1 KDA,CS 153.7 (6),
rank 502,474747,grandmaster,575 LP,88W 62L,WR 59%,Tristana,2.3:1 KDA,CS 208.5 (8.1),
rank 503,Targamas Fanboyy,grandmaster,575 LP,72W 56L,WR 56%,Senna,3.53:1 KDA,CS 38.4 (1.5),
rank 504,NukerFTW,grandmaster,572 LP,83W 54L,WR 61%,Viego,3.48:1 KDA,CS 166.2 (6.4),
rank 505,Summarvyn,grandmaster,572 LP,71W 54L,WR 57%,Rek'Sai,2.67:1 KDA,CS 163.5 (6.3),
rank 506,SCB Xeltop,grandmaster,570 LP,72W 54L,WR 57%,Azir,2.17:1 KDA,CS 211.5 (8.6),
rank 507,RhiIech,grandmaster,570 LP,105W 91L,WR 54%,Talon,3.82:1 KDA,CS 208.2 (7.6),
rank 508,Goyuhan,grandmaster,570 LP,135W 116L,WR 54%,Jayce,2.93:1 KDA,CS 205.3 (8.6),
rank 509,Kalistenia,grandmaster,568 LP,100W 71L,WR 58%,Kalista,2.58:1 KDA,CS 186.6 (7.3),
rank 510,DONT GET C,grandmaster,568 LP,70W 49L,WR 59%,Karma,3.13:1 KDA,CS 22 (0.9),
rank 511,Boemspang,grandmaster,568 LP,74W 46L,WR 62%,Bel'Veth,3.39:1 KDA,CS 58.7 (2.3),
rank 512,RANGED SUP NPC,grandmaster,568 LP,127W 118L,WR 52%,Tristana,2.95:1 KDA,CS 228.6 (8.9),
rank 513,Sprxy,grandmaster,566 LP,197W 177L,WR 53%,Karthus,2.72:1 KDA,CS 177.9 (7),
rank 514,Reich und Blond,grandmaster,566 LP,68W 43L,WR 61%,Rumble,3.49:1 KDA,CS 198.6 (7.6),
rank 515,ECW Ashranna,grandmaster,565 LP,97W 80L,WR 55%,Jarvan IV,4.24:1 KDA,CS 142.5 (5.6),
rank 516,Kobben,grandmaster,565 LP,117W 96L,WR 55%,Ahri,4.23:1 KDA,CS 183.1 (7.4),
rank 517,QUICKT1M3R,grandmaster,565 LP,67W 40L,WR 63%,Rell,3.08:1 KDA,CS 27 (1.1),
rank 518,Rafitta,grandmaster,564 LP,75W 61L,WR 55%,Kai'Sa,2.95:1 KDA,CS 210.2 (8.4),
rank 519,PI Blade40,grandmaster,564 LP,72W 50L,WR 59%,Rakan,3.75:1 KDA,CS 27.6 (1.1),
rank 520,VIP STEAK,grandmaster,563 LP,99W 78L,WR 56%,Ezreal,3.33:1 KDA,CS 216.6 (8),
rank 521,BAZOOKADOESDEJOB,grandmaster,563 LP,49W 28L,WR 64%,Riven,2.66:1 KDA,CS 246.8 (9.3),
rank 522,Park Geun Hyee,grandmaster,563 LP,66W 50L,WR 57%,Kai'Sa,3.28:1 KDA,CS 209.7 (8.1),
rank 523,Deádly,grandmaster,562 LP,57W 40L,WR 59%,Varus,2.28:1 KDA,CS 220.9 (8.1),
rank 524,Moché,grandmaster,562 LP,106W 91L,WR 54%,Irelia,1.83:1 KDA,CS 229.2 (9),
rank 525,Strey en mission,grandmaster,562 LP,79W 64L,WR 55%,Garen,2.47:1 KDA,CS 214.3 (8.3),
rank 526,no micro jgler,grandmaster,561 LP,200W 153L,WR 57%,Jarvan IV,3.83:1 KDA,CS 134.3 (5.4),
rank 527,LiL TommyG,grandmaster,560 LP,53W 35L,WR 60%,Nautilus,2.34:1 KDA,CS 31.4 (1.3),
rank 528,Hi im Kyx,grandmaster,559 LP,160W 141L,WR 53%,Vayne,2.58:1 KDA,CS 187.9 (7.3),
rank 529,hot girl gamer 2,grandmaster,559 LP,45W 27L,WR 63%,Talon,3.47:1 KDA,CS 194.8 (7.2),
rank 530,Yen is my Wife,grandmaster,558 LP,118W 97L,WR 55%,Draven,2.75:1 KDA,CS 205.5 (7.6),
rank 531,djulö,grandmaster,558 LP,139W 96L,WR 59%,Thresh,3.12:1 KDA,CS 34.6 (1.3),
rank 532,LPLSUP7,grandmaster,558 LP,67W 44L,WR 60%,Rakan,3.38:1 KDA,CS 32.5 (1.2),
rank 533,Sérenity,grandmaster,557 LP,74W 49L,WR 60%,Soraka,4.51:1 KDA,CS 121.5 (4.6),
rank 534,Keritekw,grandmaster,557 LP,74W 54L,WR 58%,Ezreal,2.93:1 KDA,CS 195.4 (8),
rank 535,A41G dibu,grandmaster,554 LP,107W 90L,WR 54%,Lee Sin,4.31:1 KDA,CS 159.2 (5.9),
rank 536,V Julius Caesar,grandmaster,554 LP,53W 37L,WR 59%,Blitzcrank,3.36:1 KDA,CS 29.7 (1.1),
rank 537,Ântøpius,grandmaster,554 LP,114W 97L,WR 54%,Janna,3.73:1 KDA,CS 13.3 (0.5),
rank 538,MCON Mahonix,grandmaster,553 LP,87W 73L,WR 54%,Rakan,3.49:1 KDA,CS 33.8 (1.3),
rank 539,FULL MUTE NOOBS,grandmaster,553 LP,106W 86L,WR 55%,Nidalee,3.88:1 KDA,CS 169 (6.6),
rank 540,Oh You Went,grandmaster,553 LP,47W 29L,WR 62%,Kennen,3.55:1 KDA,CS 194.7 (7.7),
rank 541,pepitos jounior,grandmaster,552 LP,68W 40L,WR 63%,Rell,2.58:1 KDA,CS 29.5 (1.2),
rank 542,TPAA IhY0,grandmaster,552 LP,174W 153L,WR 53%,Olaf,2.5:1 KDA,CS 191.4 (7.6),
rank 543,Guldhammer,grandmaster,551 LP,52W 29L,WR 64%,Rakan,4.21:1 KDA,CS 31.1 (1.2),
rank 544,papi oscar,grandmaster,551 LP,82W 70L,WR 54%,Renekton,2.31:1 KDA,CS 214 (8.8),
rank 545,AKIN BU COK KOTU,grandmaster,551 LP,138W 123L,WR 53%,Lillia,4.09:1 KDA,CS 186.6 (7.4),
rank 546,Cabex,grandmaster,551 LP,77W 57L,WR 57%,Fiddlesticks,2.37:1 KDA,CS 128.1 (5),
rank 547,ANKARAI0MESSI,grandmaster,550 LP,45W 22L,WR 67%,Nidalee,6:1 KDA,CS 150.8 (6.2),
rank 548,Darwinfan,grandmaster,550 LP,61W 39L,WR 61%,Aatrox,2.08:1 KDA,CS 190.7 (7.4),
rank 549,Sïnedd,grandmaster,549 LP,104W 78L,WR 57%,Ahri,4.36:1 KDA,CS 190.6 (7.4),
rank 550,wx PaoPaoPW,grandmaster,548 LP,58W 45L,WR 56%,Talon,3.33:1 KDA,CS 184.3 (7.2),
rank 551,Ziqmo0,grandmaster,547 LP,44W 24L,WR 65%,Katarina,3.82:1 KDA,CS 195.8 (7.6),
rank 552,BRRRRRRRATA,grandmaster,546 LP,54W 38L,WR 59%,Jax,2.91:1 KDA,CS 219.9 (8.2),
rank 553,dia wateretaw,grandmaster,545 LP,59W 40L,WR 60%,Nautilus,3.76:1 KDA,CS 31.7 (1.3),
rank 554,FeetLoving,grandmaster,545 LP,78W 49L,WR 61%,Bard,5.6:1 KDA,CS 12 (0.5),
rank 555,OmarwL,grandmaster,545 LP,70W 41L,WR 63%,Yone,2.04:1 KDA,CS 207.9 (8.1),
rank 556,Theoloris,grandmaster,545 LP,84W 74L,WR 53%,Poppy,2.06:1 KDA,CS 170.2 (6.7),
rank 557,FlayLoL,grandmaster,543 LP,51W 29L,WR 64%,Rell,2.2:1 KDA,CS 26.8 (1),
rank 558,gun man puke,grandmaster,543 LP,83W 67L,WR 55%,Ezreal,2.91:1 KDA,CS 207.6 (7.8),
rank 559,Ashandareì,grandmaster,543 LP,146W 132L,WR 53%,Aphelios,2.26:1 KDA,CS 204.6 (7.8),
rank 560,Defkhannn,grandmaster,542 LP,98W 76L,WR 56%,Jayce,1.81:1 KDA,CS 206.9 (7.7),
rank 561,Iwan Candy,grandmaster,542 LP,56W 34L,WR 62%,Naafiri,2.58:1 KDA,CS 179.3 (7.4),
rank 562,1500LP,grandmaster,541 LP,82W 48L,WR 63%,Nidalee,5.31:1 KDA,CS 168.7 (6.9),
rank 563,PI Melon,grandmaster,540 LP,95W 79L,WR 55%,Azir,2.83:1 KDA,CS 203.4 (7.7),
rank 564,maru,grandmaster,540 LP,115W 95L,WR 55%,Kai'Sa,2.91:1 KDA,CS 214.5 (8.6),
rank 565,Potroace,grandmaster,540 LP,134W 76L,WR 64%,Thresh,3.24:1 KDA,CS 28.7 (1.1),
rank 566,sxcrxt,grandmaster,540 LP,106W 76L,WR 58%,Graves,4.27:1 KDA,CS 182.1 (7.3),
rank 567,Witness Azir,grandmaster,539 LP,135W 121L,WR 53%,Azir,2.3:1 KDA,CS 184.7 (7.3),
rank 568,Evalislovano,grandmaster,539 LP,84W 56L,WR 60%,Darius,2.18:1 KDA,CS 184.5 (7.1),
rank 569,All mute SBSK,grandmaster,539 LP,89W 80L,WR 53%,Tristana,3.4:1 KDA,CS 216.4 (8.9),
rank 570,L Vasco O,grandmaster,538 LP,37W 15L,WR 71%,Viktor,3.6:1 KDA,CS 241 (8.8),
rank 571,Parsi,grandmaster,537 LP,156W 128L,WR 55%,Taliyah,2.76:1 KDA,CS 62 (2.4),
rank 572,Skytsenglen,grandmaster,537 LP,74W 55L,WR 57%,Seraphine,4.71:1 KDA,CS 230.5 (8.7),
rank 573,Bloopey,grandmaster,537 LP,55W 33L,WR 63%,Nami,3.37:1 KDA,CS 13.5 (0.5),
rank 574,From One To Five,grandmaster,536 LP,112W 99L,WR 53%,Kai'Sa,2.2:1 KDA,CS 196.6 (8),
rank 575,thinking of him,grandmaster,536 LP,101W 83L,WR 55%,Draven,2.01:1 KDA,CS 176.3 (7.3),
rank 576,Bok Choy1,grandmaster,536 LP,79W 64L,WR 55%,Udyr,4.28:1 KDA,CS 178.5 (7.1),
rank 577,ja yeti,grandmaster,536 LP,82W 64L,WR 56%,Jayce,2.18:1 KDA,CS 209.6 (7.9),
rank 578,CAFFEEINEEMPEROR,grandmaster,535 LP,101W 85L,WR 54%,Draven,2.27:1 KDA,CS 191.9 (7.7),
rank 579,Kåbs,grandmaster,535 LP,135W 117L,WR 54%,Rell,3.76:1 KDA,CS 36.1 (1.4),
rank 580,haoyunliufei5,grandmaster,535 LP,104W 79L,WR 57%,Rell,6.55:1 KDA,CS 33.5 (1.5),
rank 581,sebbylul,grandmaster,535 LP,127W 109L,WR 54%,Kai'Sa,2.3:1 KDA,CS 200.6 (8.1),
rank 582,I eat ur wave,grandmaster,533 LP,91W 71L,WR 56%,Evelynn,3.09:1 KDA,CS 164.8 (6.6),
rank 583,MARCHE SEUL,grandmaster,533 LP,99W 82L,WR 55%,Yasuo,1.9:1 KDA,CS 197.9 (7.7),
rank 584,Agent Lakerz,grandmaster,533 LP,89W 70L,WR 56%,Riven,3.4:1 KDA,CS 207 (8),
rank 585,Shourdy,grandmaster,533 LP,72W 58L,WR 55%,Sett,1.96:1 KDA,CS 173.7 (6.7),
rank 586,Lilith my wife,grandmaster,532 LP,57W 29L,WR 66%,Ezreal,2.41:1 KDA,CS 146.8 (6.2),
rank 587,Miś,grandmaster,531 LP,66W 51L,WR 56%,Ashe,2.66:1 KDA,CS 181.8 (7.4),
rank 588,Borangutan,grandmaster,531 LP,57W 28L,WR 67%,Renekton,2.66:1 KDA,CS 230.8 (8.5),
rank 589,ALISTER,grandmaster,531 LP,88W 67L,WR 57%,Alistar,2.58:1 KDA,CS 26.4 (1),
rank 590,Nubobo,grandmaster,531 LP,74W 61L,WR 55%,Rakan,6.85:1 KDA,CS 32.2 (1.2),
rank 591,Prallash,grandmaster,531 LP,160W 130L,WR 55%,Cassiopeia,2.15:1 KDA,CS 187.4 (7),
rank 592,SWE131,grandmaster,531 LP,128W 110L,WR 54%,Yasuo,2.22:1 KDA,CS 204.2 (8.1),
rank 593,GwynbΙeidd,grandmaster,530 LP,102W 91L,WR 53%,Ahri,3.81:1 KDA,CS 187.3 (8),
rank 594,Chasin Aesthetic,grandmaster,530 LP,56W 35L,WR 62%,Sylas,3.86:1 KDA,CS 179 (7.2),
rank 595,TPR Sündiger,grandmaster,529 LP,100W 75L,WR 57%,K'Sante,3.05:1 KDA,CS 200.1 (7.6),
rank 596,Unkn0wn Ad,grandmaster,528 LP,132W 120L,WR 52%,Kai'Sa,2.09:1 KDA,CS 216.5 (8.3),
rank 597,WaenA1,grandmaster,527 LP,111W 95L,WR 54%,Jayce,2.34:1 KDA,CS 194.2 (7.9),
rank 598,ONZE NEUF,grandmaster,527 LP,88W 61L,WR 59%,Karma,3.64:1 KDA,CS 13.8 (0.6),
rank 599,Paolocannone,grandmaster,527 LP,102W 81L,WR 56%,Nautilus,2.97:1 KDA,CS 29.6 (1.2),
rank 600,O X V I V X O,grandmaster,526 LP,103W 83L,WR 55%,Xerath,6.05:1 KDA,CS 192.5 (7.7),
rank 601,The Scythe,grandmaster,526 LP,119W 106L,WR 53%,Xayah,2.57:1 KDA,CS 208.9 (8.7),
rank 602,Smolll,grandmaster,526 LP,109W 93L,WR 54%,Udyr,4.78:1 KDA,CS 186.5 (7.4),
rank 603,MUSCLE MONSTROB,grandmaster,526 LP,103W 88L,WR 54%,Syndra,4.14:1 KDA,CS 213.1 (7.9),
rank 604,t bon tu climb,grandmaster,525 LP,104W 88L,WR 54%,Rell,2.83:1 KDA,CS 30.2 (1.1),
rank 605,highest self,grandmaster,524 LP,66W 52L,WR 56%,Kai'Sa,3.05:1 KDA,CS 214 (8.1),
rank 606,Goldenpenny,grandmaster,524 LP,92W 81L,WR 53%,Varus,3.75:1 KDA,CS 218.8 (8.2),
rank 607,UrNilah,grandmaster,524 LP,118W 105L,WR 53%,Nilah,2.33:1 KDA,CS 187.9 (7.6),
rank 608,Itz Dagger,grandmaster,523 LP,91W 68L,WR 57%,Rell,3.69:1 KDA,CS 30.7 (1.1),
rank 609,Nîmu and willump,grandmaster,523 LP,89W 69L,WR 56%,Zilean,4.98:1 KDA,CS 23.1 (0.9),
rank 610,Tazaku,grandmaster,523 LP,36W 17L,WR 68%,Kai'Sa,3.14:1 KDA,CS 209.1 (8.3),
rank 611,Season 3 Chall,grandmaster,523 LP,98W 80L,WR 55%,K'Sante,2.65:1 KDA,CS 161.5 (6.5),
rank 612,Cloud V2,grandmaster,523 LP,102W 84L,WR 55%,Vladimir,2.78:1 KDA,CS 198.5 (7.9),
rank 613,Quietly Murdered,grandmaster,522 LP,282W 265L,WR 52%,Hecarim,2.76:1 KDA,CS 206.4 (7.8),
rank 614,Rutzou,grandmaster,522 LP,141W 113L,WR 56%,Kai'Sa,3.38:1 KDA,CS 189.4 (7.3),
rank 615,Seminol,grandmaster,522 LP,61W 43L,WR 59%,Poppy,2.87:1 KDA,CS 179.4 (6.8),
rank 616,hndm1,grandmaster,522 LP,103W 78L,WR 57%,Viego,3.31:1 KDA,CS 161.9 (6.2),
rank 617,Zimba1,grandmaster,522 LP,61W 43L,WR 59%,Rakan,3.52:1 KDA,CS 31 (1.2),
rank 618,Reiner Brraun,grandmaster,522 LP,88W 67L,WR 57%,Bard,3.5:1 KDA,CS 14.4 (0.6),
rank 619,Elec Trizzy T,grandmaster,521 LP,121W 112L,WR 52%,Xin Zhao,2.32:1 KDA,CS 159.2 (6.4),
rank 620,Winter1z,grandmaster,521 LP,117W 100L,WR 54%,Kassadin,3.86:1 KDA,CS 206.8 (8),
rank 621,Adrian Kruk,grandmaster,521 LP,126W 108L,WR 54%,Xayah,2.67:1 KDA,CS 201.9 (8.3),
rank 622,Tomem,grandmaster,521 LP,111W 94L,WR 54%,Rumble,2.1:1 KDA,CS 179.7 (6.7),
rank 623,Maynter,grandmaster,520 LP,43W 30L,WR 59%,Renekton,3.48:1 KDA,CS 215.3 (7.8),
rank 624,Jian Chandra,grandmaster,520 LP,64W 59L,WR 52%,Jayce,1.9:1 KDA,CS 210.4 (8.2),
rank 625,AZ X99,grandmaster,520 LP,156W 132L,WR 54%,Jax,1.99:1 KDA,CS 176.9 (7.2),
rank 626,TwTv Canbe,grandmaster,520 LP,70W 50L,WR 58%,Pyke,2.96:1 KDA,CS 45.2 (1.8),
rank 627,Michael Stepson,grandmaster,519 LP,79W 60L,WR 57%,Xayah,3.25:1 KDA,CS 189.9 (7.8),
rank 628,Mr Tickle,grandmaster,519 LP,69W 50L,WR 58%,Poppy,5.37:1 KDA,CS 159.1 (5.8),
rank 629,reedfoo,grandmaster,519 LP,159W 135L,WR 54%,Ashe,2.81:1 KDA,CS 197.7 (7.5),
rank 630,HerraPanda,grandmaster,519 LP,181W 162L,WR 53%,Rakan,3.82:1 KDA,CS 31.9 (1.2),
rank 631,BOOSHI,grandmaster,519 LP,64W 49L,WR 57%,Kai'Sa,3.73:1 KDA,CS 209.5 (8),
rank 632,Bobigseu,grandmaster,519 LP,94W 76L,WR 55%,Yone,1.78:1 KDA,CS 216.4 (8.8),
rank 633,letliveagain,grandmaster,519 LP,111W 94L,WR 54%,Yasuo,2.6:1 KDA,CS 204.1 (8.2),
rank 634,fzeyj,grandmaster,519 LP,72W 45L,WR 62%,Akshan,2.7:1 KDA,CS 170.5 (6.7),
rank 635,qeawasdasd1,grandmaster,518 LP,62W 40L,WR 61%,Rumble,2.23:1 KDA,CS 191.4 (7.6),
rank 636,Tabor,grandmaster,518 LP,124W 111L,WR 53%,Ekko,3.33:1 KDA,CS 163.8 (6.1),
rank 637,GRAPH RANK 1,grandmaster,518 LP,70W 46L,WR 60%,Zilean,3.92:1 KDA,CS 25 (1),
rank 638,Charlie Shuffler,grandmaster,518 LP,101W 79L,WR 56%,Kai'Sa,2.93:1 KDA,CS 203.5 (8.1),
rank 639,Tοαst,grandmaster,518 LP,81W 71L,WR 53%,Yasuo,2.58:1 KDA,CS 197.9 (8.3),
rank 640,Thelordmardigo,grandmaster,517 LP,66W 54L,WR 55%,Illaoi,1.49:1 KDA,CS 226.5 (8.8),
rank 641,White Yoshi,grandmaster,517 LP,48W 30L,WR 62%,Thresh,4.22:1 KDA,CS 31.7 (1.3),
rank 642,AGR1,grandmaster,517 LP,190W 183L,WR 51%,Kai'Sa,2.54:1 KDA,CS 199.6 (7.7),
rank 643,Infoneral,grandmaster,516 LP,71W 57L,WR 55%,Rell,4.1:1 KDA,CS 31.5 (1.3),
rank 644,ff in head,grandmaster,516 LP,171W 163L,WR 51%,Jayce,2.5:1 KDA,CS 183.4 (7.1),
rank 645,MUSKETOON,grandmaster,516 LP,64W 46L,WR 58%,Lee Sin,4.29:1 KDA,CS 129.6 (5.6),
rank 646,PYKE NIKE,grandmaster,515 LP,95W 73L,WR 57%,Pyke,2.73:1 KDA,CS 44.4 (1.8),
rank 647,BIGCORN,grandmaster,515 LP,72W 61L,WR 54%,LeBlanc,3.56:1 KDA,CS 193.1 (7.8),
rank 648,Aesenar,grandmaster,515 LP,68W 50L,WR 58%,Nautilus,3.08:1 KDA,CS 30.5 (1.2),
rank 649,soto tetasas,grandmaster,515 LP,63W 51L,WR 55%,Jayce,2.85:1 KDA,CS 190 (7.6),
rank 650,Ssaiko,grandmaster,514 LP,100W 90L,WR 53%,Viego,2.49:1 KDA,CS 161.5 (6.2),
rank 651,Hussam khalayleh,grandmaster,514 LP,64W 43L,WR 60%,Kha'Zix,2.68:1 KDA,CS 169.3 (6.2),
rank 652,BenoîtSaintDenis,grandmaster,514 LP,85W 67L,WR 56%,Alistar,2.69:1 KDA,CS 28.3 (1.1),
rank 653,Seyjiro,grandmaster,514 LP,57W 37L,WR 61%,Yone,1.6:1 KDA,CS 190.7 (7.7),
rank 654,Atatt,grandmaster,514 LP,48W 26L,WR 65%,Pyke,3.35:1 KDA,CS 35.7 (1.5),
rank 655,EŁ Pibę,grandmaster,514 LP,81W 71L,WR 53%,Rell,3.08:1 KDA,CS 31.1 (1.2),
rank 656,Traypo,grandmaster,513 LP,229W 212L,WR 52%,Zed,2.71:1 KDA,CS 198.6 (7.7),
rank 657,Kumugadonkis,grandmaster,513 LP,53W 32L,WR 62%,Shaco,3.42:1 KDA,CS 160.2 (6),
rank 658,Fadèd,grandmaster,513 LP,61W 41L,WR 60%,Ashe,3.25:1 KDA,CS 196.6 (7.2),
rank 659,Λlixx,grandmaster,513 LP,51W 35L,WR 59%,Syndra,2.97:1 KDA,CS 214.3 (8.1),
rank 660,BuddhaSoldier1,grandmaster,512 LP,106W 94L,WR 53%,Kalista,1.89:1 KDA,CS 182.9 (7.7),
rank 661,king wazon,grandmaster,512 LP,69W 52L,WR 57%,Ezreal,3.26:1 KDA,CS 187.5 (7.5),
rank 662,ÐRX Ðefτ,grandmaster,512 LP,76W 58L,WR 57%,Kog'Maw,2.87:1 KDA,CS 197.7 (7.8),
rank 663,TlREX,grandmaster,511 LP,87W 66L,WR 57%,Naafiri,2.94:1 KDA,CS 192.8 (7.1),
rank 664,uncrits,grandmaster,511 LP,120W 99L,WR 55%,Xayah,3.6:1 KDA,CS 232.1 (8.6),
rank 665,Painfυl,grandmaster,511 LP,175W 159L,WR 52%,Zed,2.82:1 KDA,CS 225.8 (8.3),
rank 666,Démiurge Éternel,grandmaster,510 LP,104W 81L,WR 56%,Vladimir,3.9:1 KDA,CS 216.2 (7.9),
rank 667,eskíí,grandmaster,509 LP,96W 76L,WR 56%,Rakan,4.68:1 KDA,CS 37 (1.3),
rank 668,GMagnusCarlsen,grandmaster,509 LP,85W 65L,WR 57%,Rakan,3.02:1 KDA,CS 40.7 (1.5),
rank 669,eIramir,grandmaster,509 LP,66W 44L,WR 60%,Ivern,5.73:1 KDA,CS 128.2 (5.3),
rank 670,Insightful,grandmaster,509 LP,230W 205L,WR 53%,Karthus,2.33:1 KDA,CS 174.2 (7.1),
rank 671,Ginrais,grandmaster,508 LP,166W 148L,WR 53%,Lissandra,3.58:1 KDA,CS 187.3 (7.4),
rank 672,6ax,grandmaster,508 LP,69W 47L,WR 59%,Tristana,2.75:1 KDA,CS 223.3 (8.5),
rank 673,Chaleureux,grandmaster,508 LP,87W 74L,WR 54%,Zilean,4.03:1 KDA,CS 22.9 (0.9),
rank 674,Prince Elijah,grandmaster,508 LP,108W 88L,WR 55%,K'Sante,3.18:1 KDA,CS 202.1 (7.5),
rank 675,M4CI3K,grandmaster,508 LP,105W 89L,WR 54%,Yone,2.2:1 KDA,CS 207.5 (8.2),
rank 676,i wont help you,grandmaster,508 LP,67W 41L,WR 62%,Singed,3.62:1 KDA,CS 149.6 (5.9),
rank 677,Ziren,grandmaster,507 LP,81W 54L,WR 60%,Twitch,2.19:1 KDA,CS 157 (6.3),
rank 678,badplayer737,grandmaster,507 LP,96W 64L,WR 60%,Kai'Sa,3.1:1 KDA,CS 208.5 (8.2),
rank 679,Maître 2,grandmaster,506 LP,172W 163L,WR 51%,Kennen,2.63:1 KDA,CS 166.4 (6.6),
rank 680,Kirei sama,grandmaster,506 LP,143W 141L,WR 50%,Kindred,2.85:1 KDA,CS 157.2 (6.4),
rank 681,Shadow climber,grandmaster,506 LP,140W 136L,WR 51%,Viego,3.45:1 KDA,CS 177.8 (6.9),
rank 682,Lairepmi,grandmaster,506 LP,155W 140L,WR 53%,Kai'Sa,2.9:1 KDA,CS 206.9 (7.8),
rank 683,Kim0n,grandmaster,505 LP,75W 63L,WR 54%,Riven,2.2:1 KDA,CS 189 (7.7),
rank 684,300 Manuel,grandmaster,505 LP,90W 76L,WR 54%,Ashe,2.54:1 KDA,CS 177 (6.9),
rank 685,MRS marky,grandmaster,505 LP,95W 86L,WR 52%,Aatrox,2.53:1 KDA,CS 200.7 (7.7),
rank 686,zimba int acc,grandmaster,505 LP,46W 25L,WR 65%,Nautilus,3.41:1 KDA,CS 30.5 (1.2),
rank 687,Layla,grandmaster,504 LP,71W 48L,WR 60%,Rakan,3.2:1 KDA,CS 28.5 (1.1),
rank 688,FGG,grandmaster,504 LP,103W 97L,WR 52%,Rell,2.88:1 KDA,CS 26.1 (1),
rank 689,DPMGOD777,grandmaster,504 LP,130W 106L,WR 55%,Tristana,3:1 KDA,CS 203.9 (8.4),
rank 690,16yo Oner,grandmaster,503 LP,76W 61L,WR 55%,Nocturne,3.34:1 KDA,CS 172.2 (6.5),
rank 691,ad895091,grandmaster,502 LP,52W 33L,WR 61%,Kai'Sa,2.88:1 KDA,CS 210.4 (8.1),
rank 692,Sorest,grandmaster,501 LP,115W 99L,WR 54%,Vayne,1.78:1 KDA,CS 165.3 (6.4),
rank 693,pale cali,grandmaster,501 LP,118W 103L,WR 53%,Sejuani,2.29:1 KDA,CS 171.5 (6.8),
rank 694,Requin Requineri,grandmaster,500 LP,68W 52L,WR 57%,Ahri,4.25:1 KDA,CS 176.9 (7.1),
rank 695,Fx iMbaaa,grandmaster,500 LP,120W 110L,WR 52%,Jax,1.47:1 KDA,CS 167.9 (6.8),
rank 696,ilji,grandmaster,500 LP,82W 66L,WR 55%,Zed,2.38:1 KDA,CS 223.3 (9.1),
rank 697,sand flea,grandmaster,500 LP,112W 100L,WR 53%,Karma,3.63:1 KDA,CS 149.4 (6.1),
rank 698,Omnisciênt,grandmaster,500 LP,49W 41L,WR 54%,Ezreal,3.06:1 KDA,CS 194.7 (7.9),
rank 699,1nception,grandmaster,499 LP,59W 40L,WR 60%,Jax,2.04:1 KDA,CS 198.8 (7.5),
rank 700,gxcml,grandmaster,499 LP,108W 94L,WR 53%,Viktor,2.97:1 KDA,CS 213.4 (8),
rank 701,Mantis Enjoyer,grandmaster,499 LP,70W 50L,WR 58%,Talon,3.48:1 KDA,CS 176.2 (7.2),
rank 702,nóż motylkowy,grandmaster,498 LP,56W 39L,WR 59%,Jayce,2.4:1 KDA,CS 219 (8.5),
rank 703,Nine 11 BOOM,grandmaster,498 LP,66W 41L,WR 62%,Graves,3.49:1 KDA,CS 191.1 (7.2),
rank 704,Darkto,grandmaster,498 LP,105W 88L,WR 54%,Viego,2.54:1 KDA,CS 174.3 (6.7),
rank 705,EagleSbroccato,grandmaster,497 LP,115W 100L,WR 53%,Bel'Veth,3.31:1 KDA,CS 156.5 (6.3),
rank 706,KroMAX,grandmaster,497 LP,62W 50L,WR 55%,Alistar,2.86:1 KDA,CS 26.8 (1.2),
rank 707,JockøWillink,grandmaster,497 LP,47W 28L,WR 63%,Jayce,2.65:1 KDA,CS 201.9 (8.5),
rank 708,sro rage enjoyer,grandmaster,497 LP,132W 121L,WR 52%,Kai'Sa,3.05:1 KDA,CS 215 (8.1),
rank 709,31 abuser,grandmaster,496 LP,157W 142L,WR 53%,Rell,2.41:1 KDA,CS 28.1 (1.1),
rank 710,Lowfire125,grandmaster,495 LP,115W 98L,WR 54%,Ezreal,4.1:1 KDA,CS 212.3 (8.2),
rank 711,OwnLeeF4ns,grandmaster,495 LP,84W 56L,WR 60%,Kha'Zix,2.79:1 KDA,CS 188.9 (7),
rank 712,naafiri rizz,grandmaster,494 LP,128W 113L,WR 53%,Talon,2.3:1 KDA,CS 179.1 (6.8),
rank 713,sammuxx,grandmaster,494 LP,103W 85L,WR 55%,Kai'Sa,2.86:1 KDA,CS 201.7 (7.7),
rank 714,Calme et Focus,grandmaster,494 LP,90W 77L,WR 54%,Rell,3.52:1 KDA,CS 30.1 (1.2),
rank 715,Ronges,grandmaster,493 LP,66W 51L,WR 56%,Katarina,2.82:1 KDA,CS 200.3 (7.8),
rank 716,SEITCARP,grandmaster,493 LP,53W 28L,WR 65%,Tristana,2.41:1 KDA,CS 222.5 (8.4),
rank 717,Jesiz,grandmaster,493 LP,79W 58L,WR 58%,Rakan,4.34:1 KDA,CS 31.2 (1.3),
rank 718,ShyCarry2,grandmaster,493 LP,87W 69L,WR 56%,Ashe,3.78:1 KDA,CS 202.9 (8),
rank 719,cuckoldmemo3169,grandmaster,492 LP,147W 122L,WR 55%,Jayce,3.14:1 KDA,CS 210.2 (8.4),
rank 720,exile777,grandmaster,492 LP,105W 79L,WR 57%,Bel'Veth,2.98:1 KDA,CS 169.1 (6.9),
rank 721,PHANT0ML0RD777,grandmaster,492 LP,82W 74L,WR 53%,Karthus,2.24:1 KDA,CS 201.6 (7.7),
rank 722,C172NSKYHAWK,grandmaster,492 LP,108W 76L,WR 59%,Yone,2.59:1 KDA,CS 204.1 (8.3),
rank 723,u5pjxpu0wXbmu41s,grandmaster,490 LP,79W 56L,WR 59%,Kayn,2.79:1 KDA,CS 189 (6.7),
rank 724,Typhoonn,grandmaster,490 LP,83W 74L,WR 53%,Viego,4.1:1 KDA,CS 159.8 (6),
rank 725,Lû Bu,grandmaster,490 LP,65W 38L,WR 63%,Maokai,2.55:1 KDA,CS 30.3 (1.1),
rank 726,Tykez,grandmaster,489 LP,57W 43L,WR 57%,Maokai,4.01:1 KDA,CS 132.6 (5.4),
rank 727,Skating Squirrel,grandmaster,488 LP,108W 65L,WR 62%,Twitch,2.74:1 KDA,CS 165.4 (6.4),
rank 728,Maître kebabier2,grandmaster,488 LP,90W 79L,WR 53%,Garen,2.53:1 KDA,CS 203.6 (8),
rank 729,Tøbio Kageyama1,grandmaster,488 LP,48W 27L,WR 64%,Lee Sin,4.82:1 KDA,CS 141.3 (6),
rank 730,Silk1,grandmaster,488 LP,118W 101L,WR 54%,LeBlanc,5.05:1 KDA,CS 212.2 (9.1),
rank 731,KILLER MIKE,grandmaster,487 LP,78W 64L,WR 55%,Garen,2.6:1 KDA,CS 220.5 (8.4),
rank 732,heyheyhey123,grandmaster,487 LP,89W 79L,WR 53%,Jayce,2.51:1 KDA,CS 197.1 (8.1),
rank 733,Canam,grandmaster,486 LP,109W 97L,WR 53%,Nami,4.58:1 KDA,CS 10 (0.4),
rank 734,Sidelane Timmy,grandmaster,485 LP,90W 80L,WR 53%,Jax,1.84:1 KDA,CS 199.6 (7.7),
rank 735,Boncuk,grandmaster,485 LP,149W 132L,WR 53%,Kai'Sa,3.04:1 KDA,CS 199.5 (7.8),
rank 736,HRAB0NSZCZ,grandmaster,485 LP,79W 60L,WR 57%,Syndra,2.71:1 KDA,CS 224.7 (8.5),
rank 737,PI Tobi,grandmaster,484 LP,72W 52L,WR 58%,Shen,5.85:1 KDA,CS 157.4 (6.1),
rank 738,zyb4,grandmaster,484 LP,101W 86L,WR 54%,Evelynn,4.35:1 KDA,CS 147.9 (6.1),
rank 739,HMpeiwan liangyi,grandmaster,483 LP,98W 59L,WR 62%,Rell,3.62:1 KDA,CS 29.5 (1.1),
rank 740,Peche le coquin,grandmaster,483 LP,82W 63L,WR 57%,Rek'Sai,3.37:1 KDA,CS 160.1 (5.8),
rank 741,Petersén,grandmaster,482 LP,83W 62L,WR 57%,Ezreal,3.15:1 KDA,CS 197 (7.5),
rank 742,Dr Sburo,grandmaster,482 LP,102W 82L,WR 55%,Camille,3.04:1 KDA,CS 194 (7.9),
rank 743,babi fanboy,grandmaster,482 LP,37W 18L,WR 67%,Rell,4.26:1 KDA,CS 110.2 (4.4),
rank 744,T W,grandmaster,482 LP,81W 69L,WR 54%,Shaco,3:1 KDA,CS 18.8 (0.7),
rank 745,Bloody Diana,grandmaster,481 LP,168W 147L,WR 53%,Naafiri,2.24:1 KDA,CS 177.6 (6.9),
rank 746,Addybuyor,grandmaster,481 LP,150W 139L,WR 52%,Ashe,2.87:1 KDA,CS 178.9 (7),
rank 747,CR1PPLED IRL,grandmaster,481 LP,79W 59L,WR 57%,Rakan,4.05:1 KDA,CS 32.6 (1.2),
rank 748,PHKT,grandmaster,481 LP,55W 36L,WR 60%,Katarina,4.67:1 KDA,CS 170.8 (6.9),
rank 749,Meg4R0M,grandmaster,480 LP,138W 112L,WR 55%,Rek'Sai,3.38:1 KDA,CS 146.5 (5.8),
rank 750,Dark Harvest1,grandmaster,480 LP,80W 55L,WR 59%,Caitlyn,2.58:1 KDA,CS 204.5 (8),
rank 751,wondered,grandmaster,480 LP,90W 57L,WR 61%,Fiddlesticks,3.53:1 KDA,CS 150.6 (5.8),
rank 752,Smietanek,grandmaster,480 LP,120W 102L,WR 54%,Ekko,2.49:1 KDA,CS 184.2 (7.3),
rank 753,PlayAloneForever,grandmaster,479 LP,115W 89L,WR 56%,Yasuo,2.36:1 KDA,CS 202.4 (8.2),
rank 754,Deafen diff,grandmaster,479 LP,92W 74L,WR 55%,Ahri,3.98:1 KDA,CS 191.5 (7.1),
rank 755,Chance2Win,grandmaster,479 LP,69W 52L,WR 57%,Rumble,2.78:1 KDA,CS 184.4 (7.2),
rank 756,1V9 OR GO OPEN,grandmaster,479 LP,107W 96L,WR 53%,Viego,3.59:1 KDA,CS 124.6 (5.1),
rank 757,dejan1,grandmaster,478 LP,57W 36L,WR 61%,K'Sante,2.65:1 KDA,CS 209.6 (7.8),
rank 758,Jagt,grandmaster,477 LP,101W 90L,WR 53%,Jayce,1.91:1 KDA,CS 198.5 (8.1),
rank 759,NOMA NOMA YEI,grandmaster,477 LP,149W 140L,WR 52%,Tristana,2.36:1 KDA,CS 213.2 (8.7),
rank 760,El Gatito Graou,grandmaster,477 LP,78W 59L,WR 57%,Olaf,2.11:1 KDA,CS 220.6 (8.3),
rank 761,Phaelll,grandmaster,477 LP,52W 33L,WR 61%,Varus,2.72:1 KDA,CS 185.2 (6.9),
rank 762,Kibbylol,grandmaster,476 LP,233W 215L,WR 52%,Vladimir,2.58:1 KDA,CS 197.7 (7.9),
rank 763,Dw we win this,grandmaster,476 LP,102W 80L,WR 56%,Jayce,2.46:1 KDA,CS 209.2 (8.4),
rank 764,ΛzαzeL,grandmaster,476 LP,73W 54L,WR 57%,Garen,2.23:1 KDA,CS 204.5 (8),
rank 765,Vixiá,grandmaster,476 LP,120W 103L,WR 54%,Pantheon,2.18:1 KDA,CS 45.8 (1.8),
rank 766,David Goggins5,grandmaster,476 LP,105W 86L,WR 55%,Nidalee,5.07:1 KDA,CS 150.5 (6.2),
rank 767,Offìcer K,grandmaster,476 LP,147W 140L,WR 51%,Tristana,2.27:1 KDA,CS 196.7 (8),
rank 768,Bollito de Cacao,grandmaster,475 LP,51W 33L,WR 61%,LeBlanc,4.81:1 KDA,CS 202.2 (8.6),
rank 769,EBONYCLOWNBOOTY,grandmaster,475 LP,100W 80L,WR 56%,Ivern,5.42:1 KDA,CS 127.4 (4.9),
rank 770,xShádezz,grandmaster,475 LP,133W 118L,WR 53%,Bel'Veth,2.7:1 KDA,CS 175.4 (7.4),
rank 771,xdd xpp,grandmaster,475 LP,58W 37L,WR 61%,Ashe,3.57:1 KDA,CS 195.3 (7.6),
rank 772,MmeYumekoJabami,grandmaster,474 LP,73W 63L,WR 54%,Alistar,3.66:1 KDA,CS 25 (1.1),
rank 773,DEMON DANY,grandmaster,474 LP,82W 68L,WR 55%,Kai'Sa,2.71:1 KDA,CS 202.9 (8.1),
rank 774,Only One King,grandmaster,473 LP,141W 124L,WR 53%,Ivern,4.57:1 KDA,CS 120.8 (4.8),
rank 775,dejfDawid1,grandmaster,473 LP,48W 32L,WR 60%,Viego,3.97:1 KDA,CS 162.6 (6.1),
rank 776,Gaby in da city,grandmaster,473 LP,79W 63L,WR 56%,Kled,2.21:1 KDA,CS 181.7 (6.8),
rank 777,GM TO CHALL,grandmaster,473 LP,178W 136L,WR 57%,Master Yi,2.57:1 KDA,CS 171.2 (6.9),
rank 778,NEED A CONTRACT,grandmaster,473 LP,120W 103L,WR 54%,Poppy,2.47:1 KDA,CS 140.6 (5.7),
rank 779,paygap supporter,grandmaster,472 LP,86W 65L,WR 57%,Vladimir,2.07:1 KDA,CS 197.7 (7.8),
rank 780,Secret4,grandmaster,472 LP,148W 109L,WR 58%,Syndra,2.73:1 KDA,CS 217.2 (8.3),
rank 781,JayAyeN,grandmaster,471 LP,65W 39L,WR 63%,Janna,5.14:1 KDA,CS 12.3 (0.5),
rank 782,Azuka7,grandmaster,471 LP,102W 86L,WR 54%,Talon,2.77:1 KDA,CS 171.7 (6.5),
rank 783,Killua ZoIdyck K,grandmaster,471 LP,58W 37L,WR 61%,Kai'Sa,2.98:1 KDA,CS 218.3 (8.4),
rank 784,asdfcat,grandmaster,471 LP,113W 101L,WR 53%,Kassadin,3.78:1 KDA,CS 187 (7.3),
rank 785,Terazî,grandmaster,471 LP,78W 59L,WR 57%,Gangplank,2.23:1 KDA,CS 188.3 (7.5),
rank 786,Shinomiya Kaguya,grandmaster,471 LP,65W 54L,WR 55%,Rell,2.52:1 KDA,CS 24.9 (1),
rank 787,SEL0,grandmaster,471 LP,70W 48L,WR 59%,Tristana,1.81:1 KDA,CS 164.7 (6.8),
rank 788,ElCrack,grandmaster,470 LP,92W 79L,WR 54%,Jarvan IV,3.58:1 KDA,CS 147.1 (5.9),
rank 789,get censer,grandmaster,470 LP,202W 156L,WR 56%,Sona,3.3:1 KDA,CS 14.7 (0.6),
rank 790,wyx476,grandmaster,470 LP,82W 65L,WR 56%,Evelynn,3.12:1 KDA,CS 149 (6),
rank 791,NRAX GFP,grandmaster,470 LP,59W 41L,WR 59%,Kayn,2.78:1 KDA,CS 151.5 (5.7),
rank 792,EyeballInDaHead,grandmaster,468 LP,114W 98L,WR 54%,Nautilus,2.78:1 KDA,CS 32 (1.3),
rank 793,BlizzTheWeeb,grandmaster,468 LP,126W 100L,WR 56%,Shaco,3.61:1 KDA,CS 147.1 (5.5),
rank 794,x9highway,grandmaster,468 LP,63W 51L,WR 55%,Rell,3.35:1 KDA,CS 30.5 (1.2),
rank 795,Jme suis promis,grandmaster,467 LP,158W 152L,WR 51%,Kai'Sa,2.52:1 KDA,CS 209.3 (8),
rank 796,dopamine hack,grandmaster,467 LP,60W 44L,WR 58%,Vayne,1.97:1 KDA,CS 192.7 (8),
rank 797,Fαllεn 2,grandmaster,467 LP,57W 36L,WR 61%,Jarvan IV,4.37:1 KDA,CS 157.4 (6.1),
rank 798,Flacx de spearm,grandmaster,467 LP,79W 59L,WR 57%,Pantheon,1.92:1 KDA,CS 172.5 (6.5),
rank 799,Chreak,grandmaster,466 LP,97W 66L,WR 60%,Naafiri,2.29:1 KDA,CS 193.7 (7.5),
rank 800,Ricard0 Quaresma,grandmaster,466 LP,58W 35L,WR 62%,Rell,3.48:1 KDA,CS 29 (1.2),
rank 801,im just worse,grandmaster,466 LP,143W 130L,WR 52%,Irelia,1.46:1 KDA,CS 192.2 (7.8),
rank 802,EUSEUSEUS,grandmaster,466 LP,76W 64L,WR 54%,Kalista,3.2:1 KDA,CS 189.6 (8),
rank 803,Nooyk,grandmaster,465 LP,120W 103L,WR 54%,Graves,1.88:1 KDA,CS 192.4 (7.5),
rank 804,Balistha,grandmaster,465 LP,83W 58L,WR 59%,Karma,2.85:1 KDA,CS 23.2 (1),
rank 805,Rain12,grandmaster,465 LP,68W 48L,WR 59%,Renekton,2.89:1 KDA,CS 215.3 (8.1),
rank 806,moxokx,grandmaster,464 LP,62W 51L,WR 55%,Kai'Sa,3.55:1 KDA,CS 204 (8.1),
rank 807,NightcoreFemboy,grandmaster,464 LP,125W 101L,WR 55%,Seraphine,3.96:1 KDA,CS 198.5 (7.6),
rank 808,loco soy,grandmaster,464 LP,49W 30L,WR 62%,K'Sante,2.38:1 KDA,CS 181.9 (7.1),
rank 809,ABAZA 1,grandmaster,463 LP,75W 70L,WR 52%,Rumble,1.65:1 KDA,CS 178 (7),
rank 810,Stabby Crabby,grandmaster,463 LP,98W 79L,WR 55%,Kayn,3.06:1 KDA,CS 187.4 (6.7),
rank 811,Shogmaw v2,grandmaster,463 LP,97W 80L,WR 55%,Ziggs,2.66:1 KDA,CS 226.6 (8.8),
rank 812,NearlySo,grandmaster,463 LP,48W 18L,WR 73%,Kai'Sa,3.54:1 KDA,CS 195.2 (8.3),
rank 813,Gear 5  06 08 23,grandmaster,463 LP,57W 45L,WR 56%,Nautilus,2.92:1 KDA,CS 31.7 (1.4),
rank 814,420WeabooSlayer,grandmaster,463 LP,76W 59L,WR 56%,Zed,2.28:1 KDA,CS 229.8 (8.9),
rank 815,I Love MID,grandmaster,463 LP,59W 33L,WR 64%,Fizz,3.11:1 KDA,CS 166.6 (6.1),
rank 816,ID Crown,grandmaster,463 LP,99W 76L,WR 57%,Vladimir,2.85:1 KDA,CS 218 (8.2),
rank 817,SK Doss,grandmaster,463 LP,73W 52L,WR 58%,Neeko,2.75:1 KDA,CS 18.3 (0.7),
rank 818,Glowyuu,grandmaster,462 LP,128W 110L,WR 54%,Renekton,2.93:1 KDA,CS 208.3 (8.3),
rank 819,eYa Cedeiix,grandmaster,462 LP,79W 62L,WR 56%,Viego,3:1 KDA,CS 156.1 (5.9),
rank 820,Irelia is pink,grandmaster,462 LP,55W 41L,WR 57%,Tristana,2.6:1 KDA,CS 194.5 (8.6),
rank 821,demonic angeł,grandmaster,461 LP,78W 54L,WR 59%,Riven,2.19:1 KDA,CS 195.3 (7.7),
rank 822,443104313,grandmaster,461 LP,73W 56L,WR 57%,Olaf,2.65:1 KDA,CS 210.3 (7.9),
rank 823,Aigrirake,grandmaster,461 LP,173W 161L,WR 52%,Xerath,5.44:1 KDA,CS 193.3 (7.4),
rank 824,IllIllIIlIIl,grandmaster,461 LP,72W 53L,WR 58%,Irelia,1.72:1 KDA,CS 225.7 (9),
rank 825,TRY TO WIN Z,grandmaster,460 LP,121W 113L,WR 52%,Tristana,2.37:1 KDA,CS 185 (7.5),
rank 826,Filou la malice,grandmaster,460 LP,55W 43L,WR 56%,Varus,3.14:1 KDA,CS 217.8 (8.5),
rank 827,ZAMBVOJEAW,grandmaster,459 LP,71W 62L,WR 53%,Rakan,3.2:1 KDA,CS 33.8 (1.3),
rank 828,Tsiperakos,grandmaster,458 LP,58W 44L,WR 57%,Tristana,2.67:1 KDA,CS 209.1 (8.3),
rank 829,RumbleKîng,grandmaster,458 LP,59W 40L,WR 60%,Rumble,3.29:1 KDA,CS 192.6 (7.3),
rank 830,Nagi mid acc,grandmaster,458 LP,43W 20L,WR 68%,Naafiri,4.01:1 KDA,CS 192.1 (7.6),
rank 831,Buster Beaver,grandmaster,458 LP,98W 76L,WR 56%,Olaf,2.93:1 KDA,CS 198.3 (7.7),
rank 832,HMpeiwan bug,grandmaster,458 LP,148W 135L,WR 52%,Renekton,2.42:1 KDA,CS 196.5 (7.5),
rank 833,septico1,grandmaster,457 LP,33W 17L,WR 66%,Renekton,3:1 KDA,CS 185.8 (7.9),
rank 834,jkjkjkjkjkjkj,grandmaster,457 LP,91W 80L,WR 53%,Syndra,3.04:1 KDA,CS 202 (8.1),
rank 835,job man,grandmaster,457 LP,68W 47L,WR 59%,Aatrox,2.78:1 KDA,CS 185 (7.4),
rank 836,Lymos,grandmaster,457 LP,166W 154L,WR 52%,Qiyana,2.46:1 KDA,CS 160.2 (6.3),
rank 837,Stop me ban la,grandmaster,457 LP,85W 63L,WR 57%,Kayn,2.52:1 KDA,CS 153.3 (5.9),
rank 838,LY Dionelux,grandmaster,457 LP,84W 67L,WR 56%,Pantheon,3.17:1 KDA,CS 167.7 (6.7),
rank 839,Dreilix,grandmaster,456 LP,118W 102L,WR 54%,Ezreal,2.2:1 KDA,CS 196.6 (7.7),
rank 840,1337 SenSen,grandmaster,456 LP,128W 116L,WR 52%,Nidalee,2.5:1 KDA,CS 152 (6.1),
rank 841,Alaricey,grandmaster,456 LP,223W 203L,WR 52%,Zac,3.91:1 KDA,CS 134.4 (5.2),
rank 842,Support Saviour,grandmaster,455 LP,42W 29L,WR 59%,Pyke,2.61:1 KDA,CS 36.7 (1.4),
rank 843,EijiDate13,grandmaster,455 LP,70W 62L,WR 53%,Rakan,3.21:1 KDA,CS 32.9 (1.3),
rank 844,use top,grandmaster,455 LP,73W 60L,WR 55%,Kayle,2.01:1 KDA,CS 221.4 (9.2),
rank 845,Top G Andrew,grandmaster,455 LP,56W 33L,WR 63%,Rell,3.55:1 KDA,CS 35.4 (1.4),
rank 846,tsprks,grandmaster,455 LP,39W 19L,WR 67%,Tristana,3.48:1 KDA,CS 208.4 (8.9),
rank 847,PikAsyou,grandmaster,455 LP,181W 171L,WR 51%,Lee Sin,3.53:1 KDA,CS 137.6 (5.6),
rank 848,Todzio,grandmaster,454 LP,67W 49L,WR 58%,Lillia,3.97:1 KDA,CS 168.7 (6.6),
rank 849,RefuSing To Fade,grandmaster,454 LP,56W 39L,WR 59%,Jayce,1.63:1 KDA,CS 199.1 (7.7),
rank 850,Dacelo,grandmaster,454 LP,94W 77L,WR 55%,Pyke,2.12:1 KDA,CS 40.6 (1.6),
rank 851,Surmountable,grandmaster,454 LP,40W 27L,WR 60%,Azir,2.55:1 KDA,CS 220.4 (8.7),
rank 852,keep focus1ng,grandmaster,453 LP,59W 43L,WR 58%,Xayah,3.36:1 KDA,CS 200.5 (8.3),
rank 853,V9 Autophil,grandmaster,453 LP,44W 32L,WR 58%,Nocturne,3.3:1 KDA,CS 172.7 (6.6),
rank 854,Kagaaaaa,grandmaster,453 LP,59W 44L,WR 57%,Aatrox,2.35:1 KDA,CS 187.1 (7.2),
rank 855,x SevenArmy x,grandmaster,453 LP,83W 67L,WR 55%,Nidalee,4.8:1 KDA,CS 156.2 (6.4),
rank 856,Quointhat,grandmaster,453 LP,92W 61L,WR 60%,Zeri,3.4:1 KDA,CS 217.1 (8.4),
rank 857,KokosBlaubeere,grandmaster,453 LP,149W 138L,WR 52%,Azir,2.09:1 KDA,CS 189 (7.4),
rank 858,VlKEN,grandmaster,452 LP,80W 74L,WR 52%,Garen,3.02:1 KDA,CS 212.4 (8.1),
rank 859,LSR Draster,grandmaster,452 LP,89W 67L,WR 57%,Lulu,3.06:1 KDA,CS 11.8 (0.4),
rank 860,zora tryhard acc,grandmaster,452 LP,80W 58L,WR 58%,Kayle,2.12:1 KDA,CS 221.8 (9.1),
rank 861,StevendN,grandmaster,452 LP,81W 56L,WR 59%,Rell,3.65:1 KDA,CS 32.5 (1.3),
rank 862,Σxperiment626,grandmaster,451 LP,85W 76L,WR 53%,Jayce,2.71:1 KDA,CS 205 (8),
rank 863,Shrio,grandmaster,451 LP,102W 77L,WR 57%,Zed,2.64:1 KDA,CS 209.8 (8.2),
rank 864,irtitriispspun,grandmaster,451 LP,43W 18L,WR 70%,Ahri,6.16:1 KDA,CS 206.3 (8.1),
rank 865,Egoista Haru,grandmaster,450 LP,67W 44L,WR 60%,Ezreal,3.01:1 KDA,CS 194.1 (7.5),
rank 866,BeArOfaNgEl,grandmaster,450 LP,67W 41L,WR 62%,Samira,3.26:1 KDA,CS 210.4 (8.6),
rank 867,Sad Guilt Snake,grandmaster,450 LP,68W 52L,WR 57%,Nautilus,3.41:1 KDA,CS 30.2 (1.2),
rank 868,EgoIsTheProblem,grandmaster,449 LP,52W 30L,WR 63%,Rell,4.17:1 KDA,CS 31.8 (1.2),
rank 869,Chivata,grandmaster,449 LP,76W 61L,WR 55%,Lissandra,2.64:1 KDA,CS 22 (0.8),
rank 870,wp0z3q,grandmaster,449 LP,136W 90L,WR 60%,Diana,3.52:1 KDA,CS 186.5 (7.6),
rank 871,γoms,grandmaster,449 LP,138W 126L,WR 52%,Rakan,3.07:1 KDA,CS 33.4 (1.3),
rank 872,Taipan Santo,grandmaster,449 LP,132W 110L,WR 55%,Kai'Sa,2.55:1 KDA,CS 216.5 (8),
rank 873,月亮代表我的心,grandmaster,449 LP,55W 35L,WR 61%,Zeri,2.51:1 KDA,CS 167.1 (7.2),
rank 874,MINI D UKE,grandmaster,449 LP,64W 51L,WR 56%,Zed,2.06:1 KDA,CS 227.9 (9),
rank 875,Terrorist Timmy,grandmaster,448 LP,171W 146L,WR 54%,Hecarim,2.99:1 KDA,CS 199 (7.8),
rank 876,CG Ethinak,grandmaster,448 LP,98W 86L,WR 53%,Gnar,1.77:1 KDA,CS 198.4 (7.9),
rank 877,Jokki xD,grandmaster,448 LP,63W 44L,WR 59%,Karthus,2.56:1 KDA,CS 181 (6.9),
rank 878,WOOOLITE,grandmaster,448 LP,69W 66L,WR 51%,Kai'Sa,2.52:1 KDA,CS 207.6 (8.1),
rank 879,xpp xdd,grandmaster,448 LP,79W 68L,WR 54%,Kai'Sa,3.17:1 KDA,CS 215 (8.1),
rank 880,a old man,grandmaster,448 LP,163W 156L,WR 51%,Graves,3.74:1 KDA,CS 181.7 (7.4),
rank 881,Cpt Nic Sparrow,grandmaster,447 LP,47W 28L,WR 63%,Renekton,3.16:1 KDA,CS 202.9 (7.1),
rank 882,MCK Click,grandmaster,447 LP,43W 27L,WR 61%,Alistar,2.67:1 KDA,CS 26.7 (1.1),
rank 883,Yujin12,grandmaster,447 LP,52W 39L,WR 57%,Taliyah,3.44:1 KDA,CS 254.1 (8.6),
rank 884,Godskin Apostle,grandmaster,447 LP,100W 86L,WR 54%,Syndra,3.3:1 KDA,CS 207.3 (7.7),
rank 885,Black Sky324,grandmaster,447 LP,127W 106L,WR 55%,Jax,1.74:1 KDA,CS 178.5 (6.8),
rank 886,Xayahun,grandmaster,447 LP,98W 78L,WR 56%,Volibear,2.02:1 KDA,CS 152.6 (6.5),
rank 887,Ornn Panties,grandmaster,447 LP,66W 56L,WR 54%,Naafiri,1.99:1 KDA,CS 186.4 (7.7),
rank 888,Lyrokun,grandmaster,446 LP,158W 155L,WR 50%,Rell,3.31:1 KDA,CS 33.9 (1.3),
rank 889,Li0n S1n Escanor,grandmaster,446 LP,89W 77L,WR 54%,Heimerdinger,3.2:1 KDA,CS 191.9 (8.1),
rank 890,This is EDEN,grandmaster,446 LP,114W 97L,WR 54%,Akali,2.48:1 KDA,CS 190 (7.3),
rank 891,Exp 626,grandmaster,446 LP,103W 88L,WR 54%,Rakan,2.57:1 KDA,CS 28 (1.1),
rank 892,BBA BBA,grandmaster,446 LP,60W 52L,WR 54%,Jarvan IV,4.39:1 KDA,CS 157.2 (6.2),
rank 893,budall,grandmaster,446 LP,57W 46L,WR 55%,Rell,3.47:1 KDA,CS 29 (1.2),
rank 894,Wzke,grandmaster,445 LP,125W 99L,WR 56%,Sejuani,2.59:1 KDA,CS 140.4 (5.3),
rank 895,Ekko the Neeko,grandmaster,445 LP,146W 143L,WR 51%,Ekko,2.63:1 KDA,CS 187.9 (7.3),
rank 896,Astrosine,grandmaster,445 LP,67W 54L,WR 55%,Cassiopeia,2.06:1 KDA,CS 183.8 (7.2),
rank 897,enemy2good,grandmaster,444 LP,58W 37L,WR 61%,Kha'Zix,3.78:1 KDA,CS 159.8 (6),
rank 898,xKzK,grandmaster,444 LP,65W 58L,WR 53%,Tristana,3.14:1 KDA,CS 212.2 (8.6),
rank 899,Rendys Seal,grandmaster,444 LP,102W 55L,WR 65%,Kai'Sa,3.24:1 KDA,CS 224.5 (8.7),
rank 900,ShunpoLol,grandmaster,444 LP,125W 102L,WR 55%,Swain,3.64:1 KDA,CS 158.8 (6),
rank 901,GΑCUSIA,grandmaster,444 LP,39W 24L,WR 62%,Azir,2.79:1 KDA,CS 225.4 (9.4),
rank 902,Jonathan Möore,grandmaster,444 LP,130W 109L,WR 54%,Cassiopeia,1.9:1 KDA,CS 167.8 (6.8),
rank 903,William4,grandmaster,443 LP,88W 79L,WR 53%,Sett,3.03:1 KDA,CS 175.8 (6.9),
rank 904,MVPISQY,grandmaster,443 LP,79W 71L,WR 53%,LeBlanc,3.79:1 KDA,CS 210 (8.6),
rank 905,llIIIIllIIIIl,grandmaster,443 LP,83W 64L,WR 56%,Nautilus,2.27:1 KDA,CS 31.4 (1.3),
rank 906,Thenîz,grandmaster,443 LP,51W 28L,WR 65%,Kai'Sa,2.63:1 KDA,CS 207.6 (7.6),
rank 907,Lothen2,grandmaster,443 LP,101W 82L,WR 55%,Kai'Sa,3.52:1 KDA,CS 205 (7.9),
rank 908,Stanleyy,grandmaster,443 LP,96W 44L,WR 69%,Kayn,2.81:1 KDA,CS 201.7 (7.2),
rank 909,Looki LFT,grandmaster,442 LP,67W 55L,WR 55%,Ezreal,3.21:1 KDA,CS 188.4 (7.6),
rank 910,The Legend Lalle,grandmaster,442 LP,70W 53L,WR 57%,Anivia,2.78:1 KDA,CS 166 (6.8),
rank 911,echo22,grandmaster,442 LP,65W 43L,WR 60%,Rumble,3.76:1 KDA,CS 172.5 (7.3),
rank 913,Bear Cuddler,grandmaster,442 LP,65W 46L,WR 59%,Xayah,3.07:1 KDA,CS 198.1 (8.3),
rank 914,euw orcs,grandmaster,442 LP,82W 62L,WR 57%,Rek'Sai,3.67:1 KDA,CS 145.8 (5.8),
rank 915,TOXY,grandmaster,441 LP,58W 41L,WR 59%,Azir,2.89:1 KDA,CS 205 (7.9),
rank 916,chomix124,grandmaster,441 LP,84W 70L,WR 55%,Nasus,2.33:1 KDA,CS 179.1 (7.2),
rank 917,Fnatic Bang2,grandmaster,441 LP,100W 91L,WR 52%,Senna,2.34:1 KDA,CS 25.9 (1),
rank 918,4rest1np3ace,grandmaster,441 LP,102W 86L,WR 54%,Karthus,2.94:1 KDA,CS 200.8 (7.6),
rank 919,Bardio,grandmaster,441 LP,82W 68L,WR 55%,Bard,2.54:1 KDA,CS 18.4 (0.7),
rank 920,otps are humans,grandmaster,440 LP,90W 58L,WR 61%,Naafiri,2.97:1 KDA,CS 226.3 (8.8),
rank 921,SLRSLRSLR,grandmaster,440 LP,103W 89L,WR 54%,LeBlanc,4.63:1 KDA,CS 209.6 (8.6),
rank 922,zafccp,grandmaster,440 LP,31W 10L,WR 76%,Syndra,2.53:1 KDA,CS 199.5 (7.4),
rank 923,Monophoxx,grandmaster,440 LP,85W 68L,WR 56%,Ezreal,2.54:1 KDA,CS 192.6 (7.1),
rank 924,Shαwn Froste,grandmaster,439 LP,91W 76L,WR 54%,K'Sante,2.39:1 KDA,CS 187.6 (6.9),
rank 925,Ciob,grandmaster,439 LP,108W 90L,WR 55%,Nautilus,3.18:1 KDA,CS 32.9 (1.3),
rank 926,Kyzane,grandmaster,439 LP,36W 15L,WR 71%,Ezreal,2.73:1 KDA,CS 197.3 (7.7),
rank 927,ASTRO FIST,grandmaster,439 LP,37W 15L,WR 71%,Yasuo,2.63:1 KDA,CS 222.6 (8.4),
rank 928,exalted3,grandmaster,439 LP,89W 65L,WR 58%,Ezreal,3.06:1 KDA,CS 190.3 (7.7),
rank 929,Juontis,grandmaster,439 LP,96W 86L,WR 53%,Nilah,2.86:1 KDA,CS 183.4 (7.8),
rank 930,REDZirius,grandmaster,439 LP,92W 78L,WR 54%,Riven,2.24:1 KDA,CS 188.5 (7.5),
rank 931,DEMACIA Vax,grandmaster,439 LP,130W 113L,WR 53%,Garen,2.33:1 KDA,CS 192.4 (7.6),
rank 932,sparz n summer,grandmaster,439 LP,35W 27L,WR 56%,Alistar,2.69:1 KDA,CS 30 (1.2),
rank 933,FaceMyWind,grandmaster,439 LP,125W 120L,WR 51%,Yasuo,2.61:1 KDA,CS 208.5 (8.3),
rank 934,jegalèreaupad,grandmaster,438 LP,207W 193L,WR 52%,Rakan,2.81:1 KDA,CS 30.8 (1.2),
rank 935,dridro,grandmaster,438 LP,96W 90L,WR 52%,Janna,4.43:1 KDA,CS 11.3 (0.5),
rank 936,Noah7,grandmaster,438 LP,65W 56L,WR 54%,Kai'Sa,2.81:1 KDA,CS 211.8 (8.3),
rank 937,avemariah,grandmaster,438 LP,64W 46L,WR 58%,Kai'Sa,2.5:1 KDA,CS 192 (7.5),
rank 938,Kánki,grandmaster,438 LP,131W 106L,WR 55%,Ekko,2.67:1 KDA,CS 168.8 (6.6),
rank 939,Lοtuss,grandmaster,437 LP,59W 45L,WR 57%,Lee Sin,5.32:1 KDA,CS 164.1 (6.1),
rank 940,Arkƒly,grandmaster,437 LP,105W 90L,WR 54%,Kindred,3.2:1 KDA,CS 149.3 (6),
rank 941,Sägen,grandmaster,437 LP,179W 161L,WR 53%,Twisted Fate,2.78:1 KDA,CS 177.6 (7),
rank 942,MS Metroflox,grandmaster,437 LP,66W 55L,WR 55%,Viego,3.78:1 KDA,CS 163.1 (6.2),
rank 943,hey baby abr,grandmaster,437 LP,44W 24L,WR 65%,Rumble,3.2:1 KDA,CS 172.3 (6.6),
rank 944,Lee Gun,grandmaster,437 LP,57W 41L,WR 58%,Nidalee,6.02:1 KDA,CS 158.2 (6.8),
rank 945,Grîffîth,grandmaster,437 LP,50W 29L,WR 63%,K'Sante,2.43:1 KDA,CS 182.5 (7.3),
rank 946,H 6 O 6 P 6 E,grandmaster,437 LP,127W 114L,WR 53%,Evelynn,3.09:1 KDA,CS 128.3 (5.2),
rank 947,Tatted Mike,grandmaster,437 LP,110W 93L,WR 54%,Rakan,4.47:1 KDA,CS 38.6 (1.5),
rank 948,Dzieńdobry1,grandmaster,436 LP,181W 161L,WR 53%,Ivern,6.09:1 KDA,CS 122.3 (5),
rank 949,Saku,grandmaster,436 LP,72W 59L,WR 55%,Cho'Gath,3.51:1 KDA,CS 209.4 (8.1),
rank 950,Yo Oli Guter Tag,grandmaster,436 LP,54W 35L,WR 61%,Thresh,3.31:1 KDA,CS 31.4 (1.2),
rank 951,jg diff victim,grandmaster,436 LP,56W 40L,WR 58%,Nidalee,2.83:1 KDA,CS 158.7 (6.5),
rank 952,Maxlore,grandmaster,435 LP,111W 103L,WR 52%,Lee Sin,3.69:1 KDA,CS 146.7 (5.7),
rank 953,Rychly,grandmaster,435 LP,45W 29L,WR 61%,Maokai,3.23:1 KDA,CS 33.6 (1.3),
rank 954,BezPlayoffnik,grandmaster,435 LP,116W 108L,WR 52%,Nautilus,2.45:1 KDA,CS 28.9 (1.1),
rank 955,Wufo9,grandmaster,435 LP,76W 60L,WR 56%,Aatrox,2.01:1 KDA,CS 183.4 (7.4),
rank 956,Koreenat,grandmaster,435 LP,131W 104L,WR 56%,Kassadin,3.48:1 KDA,CS 205 (8.4),
rank 957,Roseyl,grandmaster,435 LP,87W 79L,WR 52%,Janna,3.23:1 KDA,CS 12.8 (0.5),
rank 958,žlutá opička,grandmaster,434 LP,48W 32L,WR 60%,Aatrox,1.5:1 KDA,CS 207.2 (7.3),
rank 959,TwTvlordmardigo,grandmaster,434 LP,53W 42L,WR 56%,Illaoi,1.48:1 KDA,CS 230.1 (9.1),
rank 960,SAWIN GOATS,grandmaster,434 LP,54W 41L,WR 57%,Yasuo,2.68:1 KDA,CS 229.9 (8.8),
rank 961,Z Kietu,grandmaster,433 LP,80W 57L,WR 58%,Jayce,3.05:1 KDA,CS 202.9 (7.4),
rank 962,Sςhintzσ,grandmaster,433 LP,83W 63L,WR 57%,Yone,3.38:1 KDA,CS 192.1 (7.6),
rank 963,justcant,grandmaster,433 LP,69W 45L,WR 61%,Rell,3.68:1 KDA,CS 34.5 (1.4),
rank 964,ComboScriptXD,grandmaster,433 LP,100W 86L,WR 54%,Katarina,2.25:1 KDA,CS 158.8 (6.3),
rank 965,brhoch mqawd,grandmaster,433 LP,139W 120L,WR 54%,LeBlanc,4.39:1 KDA,CS 193.4 (7.8),
rank 966,AFW Peaker,grandmaster,432 LP,82W 65L,WR 56%,Tristana,2.9:1 KDA,CS 218.1 (8.5),
rank 967,Jąnnïk,grandmaster,432 LP,37W 21L,WR 64%,Zeri,4.68:1 KDA,CS 226.2 (9),
rank 968,Søøøøøz,grandmaster,432 LP,127W 110L,WR 54%,Renekton,1.95:1 KDA,CS 210.4 (7.7),
rank 969,Bláck Hawk,grandmaster,432 LP,73W 56L,WR 57%,Heimerdinger,2.64:1 KDA,CS 147 (5.5),
rank 970,Laguna Rock,grandmaster,432 LP,62W 49L,WR 56%,Pyke,2.42:1 KDA,CS 43.3 (1.6),
rank 971,Xarioo,grandmaster,432 LP,77W 60L,WR 56%,Fiddlesticks,2.96:1 KDA,CS 147.4 (5.7),
rank 972,Hustlin Chad,grandmaster,432 LP,149W 130L,WR 53%,Sett,2.55:1 KDA,CS 186 (7.5),
rank 973,FFX Obsidian,grandmaster,431 LP,64W 45L,WR 59%,Kindred,3.91:1 KDA,CS 175.2 (7.1),
rank 974,Beautiful Clown,grandmaster,431 LP,64W 42L,WR 60%,Shaco,2.69:1 KDA,CS 150.9 (5.2),
rank 975,Rikala,grandmaster,431 LP,111W 95L,WR 54%,Yone,2.35:1 KDA,CS 207.2 (8.1),
rank 976,goldento4st,grandmaster,431 LP,53W 36L,WR 60%,Kai'Sa,3.28:1 KDA,CS 193.9 (8.4),
rank 977,ToFu iwnl,grandmaster,431 LP,130W 105L,WR 55%,Rakan,2.91:1 KDA,CS 33 (1.3),
rank 978,Roblox man,grandmaster,430 LP,58W 43L,WR 57%,Garen,1.99:1 KDA,CS 247.5 (9.1),
rank 979,Eau pure,grandmaster,430 LP,93W 83L,WR 53%,Garen,1.86:1 KDA,CS 203.6 (7.9),
rank 980,Mehdi18ans,grandmaster,430 LP,70W 51L,WR 58%,Yasuo,2.57:1 KDA,CS 205 (8),
rank 981,S04 Nukes,grandmaster,430 LP,52W 41L,WR 56%,Janna,7.09:1 KDA,CS 14.9 (0.6),
rank 982,Lewarr,grandmaster,430 LP,89W 69L,WR 56%,Renekton,1.91:1 KDA,CS 197.9 (7.2),
rank 983,ROC Myster,grandmaster,429 LP,68W 53L,WR 56%,Yone,2.44:1 KDA,CS 206 (8),
rank 984,Infinfi,grandmaster,429 LP,144W 132L,WR 52%,Zed,2.48:1 KDA,CS 212.2 (8.1),
rank 985,Frank CastL9e,grandmaster,429 LP,83W 69L,WR 55%,Nautilus,2.13:1 KDA,CS 35.1 (1.3),
rank 986,Johnny Βlaze,grandmaster,429 LP,100W 85L,WR 54%,Talon,2.92:1 KDA,CS 181.4 (7.1),
rank 987,cosmo samoyed,grandmaster,429 LP,119W 88L,WR 57%,Kai'Sa,3.78:1 KDA,CS 209.1 (8.1),
rank 988,xìng fú,grandmaster,428 LP,136W 127L,WR 52%,Akshan,2.6:1 KDA,CS 191.2 (7.7),
rank 989,495495,grandmaster,428 LP,76W 60L,WR 56%,Akali,2.63:1 KDA,CS 160.6 (7),
rank 990,joebidenhotdog85,grandmaster,428 LP,92W 80L,WR 53%,Jax,2.55:1 KDA,CS 195.5 (7.5),
rank 991,Twitch Nyro,grandmaster,428 LP,72W 56L,WR 56%,Katarina,2.68:1 KDA,CS 158.2 (6.3),
rank 992,Jamés Cameron,grandmaster,427 LP,90W 40L,WR 69%,Zeri,3.74:1 KDA,CS 234 (9.3),
rank 993,Legendary Chapi,grandmaster,426 LP,109W 93L,WR 54%,Jarvan IV,3.91:1 KDA,CS 144.8 (5.7),
rank 994,Snow Lion,grandmaster,426 LP,79W 65L,WR 55%,Aatrox,1.66:1 KDA,CS 176.5 (7.5),
rank 995,SUPERBEE,grandmaster,426 LP,63W 53L,WR 54%,Rumble,2.13:1 KDA,CS 206.5 (8.3),
rank 996,Gojo Satoru OwO,grandmaster,426 LP,53W 31L,WR 63%,Cassiopeia,2.47:1 KDA,CS 187.7 (7.8),
rank 997,my sorry,grandmaster,425 LP,71W 55L,WR 56%,Yone,2.13:1 KDA,CS 206.2 (8.1),
rank 998,BoostedsDetector,grandmaster,425 LP,148W 140L,WR 51%,Kai'Sa,2.9:1 KDA,CS 189.8 (7.8),
rank 999,atelophobia4,grandmaster,425 LP,118W 105L,WR 53%,Rell,3.6:1 KDA,CS 33 (1.3),
rank 1000,1Musashi,grandmaster,424 LP,179W 158L,WR 53%,Ekko,3.02:1 KDA,CS 151.8 (5.7),
rank 1001,Asteibeth,grandmaster,424 LP,69W 62L,WR 53%,Xayah,3.8:1 KDA,CS 200.5 (8.4),
